plant,pop,taxa,sp,reg2,corL,corW2,stigma,lipL,brLbW,red,green,blue,LatN,LonW
CHCL1,CHCL,PC,C,C,33.066,3.0295,2.466,5.18,4.507,248,229,51,31.82479,-99.55632
CHCL10,CHCL,PC,C,C,29.0965,2.606,1.557,3.6625,5.1875,236,221,50,31.82479,-99.55632
CHCL11,CHCL,PC,C,C,28.6335,3.565,2.3735,4.213,5.6255,251,228,50,31.82479,-99.55632
CHCL12,CHCL,PC,C,C,36.795,3.177,1.4225,5.8745,6.018,236,221,50,31.82479,-99.55632
CHCL13,CHCL,PC,C,C,32.3745,3.227,2.9495,5.0385,4.557,251,228,50,31.82479,-99.55632
CHCL14,CHCL,PC,C,C,31.553,3.1625,2.0195,5.0405,3.643,248,229,51,31.82479,-99.55632
CHCL15,CHCL,PC,C,C,32.869,3.323,2.5725,4.9205,3.738,248,218,33,31.82479,-99.55632
CHCL16,CHCL,PC,C,C,29.2655,2.9495,2.466,4.1005,3.692,236,221,50,31.82479,-99.55632
CHCL17,CHCL,PC,C,C,30.259,3.4525,1.2575,5.32,4.922,236,221,50,31.82479,-99.55632
CHCL18,CHCL,PC,C,C,30.7175,3.5155,2.634,4.4575,8.5715,248,229,51,31.82479,-99.55632
CHCL19,CHCL,PC,C,C,31.363,3.884,4.65,3.5625,6.2935,251,228,50,31.82479,-99.55632
CHCL2,CHCL,PC,C,C,27.8395,3.1155,3.508,4.109,4.802,251,228,50,31.82479,-99.55632
CHCL20,CHCL,PC,C,C,28.6925,3.4715,2.0985,6.1035,6.178,251,228,50,31.82479,-99.55632
CHCL21,CHCL,PC,C,C,31.033,3.0275,1.5515,4.6375,3.9975,236,221,50,31.82479,-99.55632
CHCL22,CHCL,PC,C,C,26.878,3.3895,1.765,4.2525,2.953,243,220,25,31.82479,-99.55632
CHCL23,CHCL,PC,C,C,30.0925,2.9955,1.5795,5.2265,4.9945,251,228,50,31.82479,-99.55632
CHCL24,CHCL,PC,C,C,31.6625,2.626,2.2165,4.7095,5.7165,236,221,50,31.82479,-99.55632
CHCL25,CHCL,PC,C,C,32.9215,3.042,2.568,5.2355,5.5755,248,218,33,31.82479,-99.55632
CHCL26,CHCL,PC,C,C,29.0775,2.5225,1.338,3.8165,3.7965,226,219,47,31.82479,-99.55632
CHCL27,CHCL,PC,C,C,28.102,3.556,2.1365,4.302,5.7505,226,219,35,31.82479,-99.55632
CHCL28,CHCL,PC,C,C,30.6135,3.0105,4.107,5.4015,6.5095,243,220,25,31.82479,-99.55632
CHCL29,CHCL,PC,C,C,31.688,3.426,1.7005,4.957,4.931,243,220,25,31.82479,-99.55632
CHCL3,CHCL,PC,C,C,28.8675,3.972,2.075,4.5285,4.9015,248,218,33,31.82479,-99.55632
CHCL30,CHCL,PC,C,C,30.585,3.2055,1.988,5.5965,6.0805,226,219,47,31.82479,-99.55632
CHCL4,CHCL,PC,C,C,32.015,3.249,1.7655,6.066,3.101,251,228,50,31.82479,-99.55632
CHCL5,CHCL,PC,C,C,30.9,3.438,1.358,5.482,2.93,226,219,47,31.82479,-99.55632
CHCL6,CHCL,PC,C,C,30.0575,3.1325,1.441,5.252,3.759,251,228,50,31.82479,-99.55632
CHCL7,CHCL,PC,C,C,29.774,3.9065,1.4185,5.9335,8.134,226,219,47,31.82479,-99.55632
CHCL8,CHCL,PC,C,C,35.977,3.791,3.1525,6.2045,5.6855,251,228,50,31.82479,-99.55632
CHCL9,CHCL,PC,C,C,33.8795,3.663,1.5685,5.0275,4.882,251,228,50,31.82479,-99.55632
CLA1,CLA,PC,C,C,29.7815,2.723,3.0125,2.985,4.9265,251,228,50,33.75562,-98.3829
CLA10,CLA,PC,C,C,26.432,3.7515,1.7495,4.8795,8.606,236,221,50,33.75562,-98.3829
CLA11,CLA,PC,C,C,26.016,3.069,2.153,5.865,4.5355,255,206,45,33.75562,-98.3829
CLA12,CLA,PC,C,C,22.991,2.715,2.251,4.517,5.42,251,228,50,33.75562,-98.3829
CLA13,CLA,PC,C,C,25.0895,3.3335,2.651,3.87,7.2305,226,219,47,33.75562,-98.3829
CLA14,CLA,PC,C,C,28.0645,3.3915,2.0875,5.5665,6.316,251,228,50,33.75562,-98.3829
CLA15,CLA,PC,C,C,27.9045,2.9095,3.0075,4.186,6.53,226,219,35,33.75562,-98.3829
CLA16,CLA,PC,C,C,31.1935,3.0255,2.8465,4.1075,5.709,243,220,25,33.75562,-98.3829
CLA17,CLA,PC,C,C,28.48,3.0075,2.1035,2.037,4.742,248,218,33,33.75562,-98.3829
CLA18,CLA,PC,C,C,27.841,3.2115,2.1405,4.5125,6.7275,251,228,50,33.75562,-98.3829
CLA19,CLA,PC,C,C,29.38,3.421,3.5,4.693,6.449,248,233,90,33.75562,-98.3829
CLA2,CLA,PC,C,C,25.188,2.9315,1.7875,2.8225,6.627,251,228,50,33.75562,-98.3829
CLA20,CLA,PC,C,C,29.8305,3.1405,3.0615,3.7795,4.204,226,219,35,33.75562,-98.3829
CLA21,CLA,PC,C,C,34.223,3.5205,1.5325,4.7795,7.636,251,228,50,33.75562,-98.3829
CLA22,CLA,PC,C,C,21.0115,3.1085,2.543,3.573,4.385,248,229,51,33.75562,-98.3829
CLA23,CLA,PC,C,C,28.869,2.409,1.9525,3.191,7.36,248,218,33,33.75562,-98.3829
CLA24,CLA,PC,C,C,26.882,2.9075,2.0265,3.3785,5.386,251,228,50,33.75562,-98.3829
CLA25,CLA,PC,C,C,31.1485,3.59,3.2795,4.3125,7.0745,243,220,25,33.75562,-98.3829
CLA26,CLA,PC,C,C,29.4195,2.9635,2.338,4.433,7.748,236,221,50,33.75562,-98.3829
CLA27,CLA,PC,C,C,33.7315,2.707,1.7885,4.6935,5.971,243,220,25,33.75562,-98.3829
CLA28,CLA,PC,C,C,28.5635,3.008,1.4475,4.9895,5.724,248,218,33,33.75562,-98.3829
CLA29,CLA,PC,C,C,27.405,3.26,1.3545,5.52,4.8855,248,233,90,33.75562,-98.3829
CLA3,CLA,PC,C,C,27.7435,2.773,2.2085,3.8145,7.2775,248,218,33,33.75562,-98.3829
CLA30,CLA,PC,C,C,26.387,2.67,1.8255,3.029,5.814,248,218,33,33.75562,-98.3829
CLA4,CLA,PC,C,C,30.3865,2.586,2.136,4.5635,5.7315,226,219,47,33.75562,-98.3829
CLA5,CLA,PC,C,C,27.684,2.574,1.0785,3.1925,4.8425,236,221,50,33.75562,-98.3829
CLA6,CLA,PC,C,C,27.0595,3.2055,1.016,3.899,7.124,251,228,50,33.75562,-98.3829
CLA7,CLA,PC,C,C,26.07,2.8815,1.1205,4.2285,5.18,251,228,50,33.75562,-98.3829
CLA8,CLA,PC,C,C,30.2345,2.8535,1.393,4.684,7.3305,243,220,25,33.75562,-98.3829
CLA9,CLA,PC,C,C,26.9355,3.433,2.667,4.5575,6.852,248,218,33,33.75562,-98.3829
CMSC1,CMSC,PC,C,C,33.792,2.8095,2.4775,3.3895,3.9955,228,220,108,34.73168,-98.56844
CMSC10,CMSC,PC,C,C,30.7375,3.9025,1.762,5.5185,5.4595,248,233,90,34.73168,-98.56844
CMSC11,CMSC,PC,C,C,35.7495,3.8465,1.915,5.6985,4.1235,240,229,95,34.73168,-98.56844
CMSC12,CMSC,PC,C,C,33.4785,3.2435,1.243,5.1255,4.953,248,229,51,34.73168,-98.56844
CMSC13,CMSC,PC,C,C,34.7,3.4255,3.4095,5.7305,3.9805,228,220,108,34.73168,-98.56844
CMSC14,CMSC,PC,C,C,30.4505,3.609,1.0795,5.6275,4.309,226,219,35,34.73168,-98.56844
CMSC15,CMSC,PC,C,C,34.0975,3.586,2.6315,5.9565,4.432,226,219,47,34.73168,-98.56844
CMSC16,CMSC,PC,C,C,37.6525,2.7515,2.2855,4.2245,4.6445,226,219,47,34.73168,-98.56844
CMSC17,CMSC,PC,C,C,37.6555,3.5425,2.948,6.197,3.732,226,219,47,34.73168,-98.56844
CMSC18,CMSC,PC,C,C,33.4185,2.8765,2.8635,3.825,3.072,251,228,50,34.73168,-98.56844
CMSC19,CMSC,PC,C,C,32.3155,3.3125,2.0805,5.204,3.3845,251,228,50,34.73168,-98.56844
CMSC2,CMSC,PC,C,C,35.211,2.847,1.238,6.326,2.078,213,220,90,34.73168,-98.56844
CMSC20,CMSC,PC,C,C,37.5885,3.1305,2.121,5.24,1.8415,248,233,90,34.73168,-98.56844
CMSC21,CMSC,PC,C,C,36.946,3.3155,1.655,6.124,4.328,248,233,90,34.73168,-98.56844
CMSC22,CMSC,PC,C,C,36.3965,3.171,1.387,5.0445,3.562,226,219,47,34.73168,-98.56844
CMSC23,CMSC,PC,C,C,30.4755,2.83,1.1675,6.3455,5.359,248,233,90,34.73168,-98.56844
CMSC24,CMSC,PC,C,C,31.5005,3.7295,1.0365,4.92,3.7005,236,221,50,34.73168,-98.56844
CMSC25,CMSC,PC,C,C,35.851,3.319,1.0835,6.1235,3.98,228,220,108,34.73168,-98.56844
CMSC26,CMSC,PC,C,C,31.9355,2.941,1.8755,4.863,3.9185,248,233,90,34.73168,-98.56844
CMSC27,CMSC,PC,C,C,31.5125,3.236,1.426,5.115,3.322,236,221,50,34.73168,-98.56844
CMSC28,CMSC,PC,C,C,36.6435,3.084,1.3615,5.719,3.804,226,219,47,34.73168,-98.56844
CMSC29,CMSC,PC,C,C,38.262,3.1515,1.573,6.0695,3.397,228,220,108,34.73168,-98.56844
CMSC3,CMSC,PC,C,C,37.0095,3.0945,1.973,4.2425,2.302,248,229,51,34.73168,-98.56844
CMSC30,CMSC,PC,C,C,34.137,2.9595,2.629,4.97,2.6535,240,229,95,34.73168,-98.56844
CMSC4,CMSC,PC,C,C,38.7485,2.8945,1.167,5.979,2.1855,243,220,25,34.73168,-98.56844
CMSC5,CMSC,PC,C,C,29.4475,2.7225,2.104,3.7525,5.9415,248,229,51,34.73168,-98.56844
CMSC6,CMSC,PC,C,C,37.291,2.6415,2.4605,4.9735,4.2585,248,233,90,34.73168,-98.56844
CMSC7,CMSC,PC,C,C,36.0315,3.4895,2.268,5.4075,4.0855,251,228,50,34.73168,-98.56844
CMSC8,CMSC,PC,C,C,36.107,2.9775,1.9605,4.412,4.9265,251,228,50,34.73168,-98.56844
CMSC9,CMSC,PC,C,C,36.4135,3.003,1.602,5.175,4.411,251,228,50,34.73168,-98.56844
CQL1,CQL,PC,C,C,25.923,3.2635,1.7315,3.47,7.1275,249,230,126,33.20647,-98.15727
CQL10,CQL,PC,C,C,23.333,2.794,1.756,3.8445,6.05,248,233,90,33.20647,-98.15727
CQL11,CQL,PC,C,C,25.753,3.1275,1.8135,5.9275,7.0825,224,225,123,33.20647,-98.15727
CQL12,CQL,PC,C,C,25.743,2.204,1.7535,4.562,5.7195,251,228,50,33.20647,-98.15727
CQL13,CQL,PC,C,C,23.2665,3.154,2.686,4.0195,6.041,243,220,25,33.20647,-98.15727
CQL14,CQL,PC,C,C,28.9565,3.1725,2.2195,5.9605,7.981,248,233,90,33.20647,-98.15727
CQL15,CQL,PC,C,C,23.2525,3.202,1.945,3.806,5.6975,251,228,50,33.20647,-98.15727
CQL16,CQL,PC,C,C,28.812,3.3105,2.371,2.7625,5.846,226,219,35,33.20647,-98.15727
CQL17,CQL,PC,C,C,25.359,2.8795,1.315,4.8745,6.2945,251,228,50,33.20647,-98.15727
CQL18,CQL,PC,C,C,24.2745,3.4635,2.1495,4.5015,5.604,240,229,95,33.20647,-98.15727
CQL19,CQL,PC,C,C,26.8435,3.0875,1.2205,4.4125,4.726,251,228,50,33.20647,-98.15727
CQL2,CQL,PC,C,C,31.652,3.222,2.5375,3.3865,6.498,236,221,50,33.20647,-98.15727
CQL20,CQL,PC,C,C,26.794,3.417,1.206,4.819,5.496,248,233,90,33.20647,-98.15727
CQL21,CQL,PC,C,C,27.6005,3.874,2.1135,4.68,4.6815,251,228,50,33.20647,-98.15727
CQL22,CQL,PC,C,C,28.2285,3.5005,3.219,3.6605,4.942,251,228,50,33.20647,-98.15727
CQL23,CQL,PC,C,C,28.7075,3.911,2.5045,3.8415,6.129,236,221,50,33.20647,-98.15727
CQL24,CQL,PC,C,C,31.353,3.572,0.7565,4.435,7.1225,248,233,90,33.20647,-98.15727
CQL25,CQL,PC,C,C,22.957,3.622,6.0215,4.18,6.61,226,219,47,33.20647,-98.15727
CQL26,CQL,PC,C,C,32.2535,3.7115,1.016,4.7455,7.0405,226,219,35,33.20647,-98.15727
CQL27,CQL,PC,C,C,30.0535,3.5,2.2195,4.7835,5.2905,226,219,47,33.20647,-98.15727
CQL28,CQL,PC,C,C,30.569,3.529,2.0995,4.4315,7.076,226,219,47,33.20647,-98.15727
CQL29,CQL,PC,C,C,30.8835,2.9425,1.873,3.6395,4.652,248,233,90,33.20647,-98.15727
CQL3,CQL,PC,C,C,24.815,3.3665,4.8055,4.331,5.1895,248,233,90,33.20647,-98.15727
CQL30,CQL,PC,C,C,27.9325,3.2375,0.783,4.191,4.4195,251,228,50,33.20647,-98.15727
CQL4,CQL,PC,C,C,26.0645,3.15,3.0775,4.084,7.458,248,233,90,33.20647,-98.15727
CQL5,CQL,PC,C,C,26.5885,3.398,1.3445,3.8595,6.102,226,219,47,33.20647,-98.15727
CQL6,CQL,PC,C,C,26.474,3.269,1.157,4.096,6.272,251,228,50,33.20647,-98.15727
CQL7,CQL,PC,C,C,23.656,3.6865,1.0615,3.161,6.128,226,219,47,33.20647,-98.15727
CQL8,CQL,PC,C,C,29.5525,3.2975,1.699,3.761,5.105,228,220,108,33.20647,-98.15727
CQL9,CQL,PC,C,C,26.98,3.42,1.7355,4.699,6.4965,236,221,50,33.20647,-98.15727
LMN1,LMN,PC,L,L,35.8285,3.3235,3.2245,5.407,11.4035,255,124,17,31.33261,-97.46821
LMN10,LMN,PC,L,L,35.72,3.071,2.0385,3.865,5.7235,255,106,17,31.33261,-97.46821
LMN11,LMN,PC,L,L,38.6405,2.5785,4.5155,5.393,7.023,255,106,17,31.33261,-97.46821
LMN12,LMN,PC,L,L,41.4295,2.925,1.352,6.428,5.829,250,127,28,31.33261,-97.46821
LMN13,LMN,PC,L,L,36.4155,3.0955,2.2505,4.251,6.595,255,92,15,31.33261,-97.46821
LMN14,LMN,PC,L,L,36.221,2.238,4.6975,5.198,6.184,255,124,17,31.33261,-97.46821
LMN15,LMN,PC,L,L,35.3575,2.7155,3.2355,4.682,9,255,106,17,31.33261,-97.46821
LMN16,LMN,PC,L,L,31.282,2.762,3.631,4.9255,4.86,248,68,35,31.33261,-97.46821
LMN17,LMN,PC,L,L,37.3715,3.607,2.646,5.1,4.8945,248,68,35,31.33261,-97.46821
LMN18,LMN,PC,L,L,43.2895,3.022,3.397,5.4,8.1265,228,106,39,31.33261,-97.46821
LMN19,LMN,PC,L,L,34.1745,2.9995,3.368,5.554,5.081,255,106,17,31.33261,-97.46821
LMN2,LMN,PC,L,L,32.865,2.665,3.7595,5.448,3.1885,255,106,17,31.33261,-97.46821
LMN20,LMN,PC,L,L,35.062,3.168,4.8435,4.627,4.564,239,54,16,31.33261,-97.46821
LMN21,LMN,PC,L,L,38.107,3.56,3.7415,5.7645,5.054,246,79,44,31.33261,-97.46821
LMN22,LMN,PC,L,L,37.363,2.7735,4.5405,5.2545,8.8305,239,104,28,31.33261,-97.46821
LMN23,LMN,PC,L,L,33.7235,2.772,3.962,4.0895,8.028,255,74,32,31.33261,-97.46821
LMN24,LMN,PC,L,L,39.2385,2.2965,1.9495,5.1065,8.769,255,106,17,31.33261,-97.46821
LMN25,LMN,PC,L,L,38.3935,2.7915,1.9135,4.6145,4.6445,239,104,28,31.33261,-97.46821
LMN26,LMN,PC,L,L,44.4705,3.233,2.831,6.007,7.9375,255,92,15,31.33261,-97.46821
LMN27,LMN,PC,L,L,38.813,3.046,4.041,3.884,4.914,239,54,16,31.33261,-97.46821
LMN28,LMN,PC,L,L,46.886,2.8575,4.5195,5.5895,5.0035,228,106,39,31.33261,-97.46821
LMN29,LMN,PC,L,L,35.2625,2.807,3.269,4.959,8.9765,208,55,104,31.33261,-97.46821
LMN3,LMN,PC,L,L,38.8325,3.512,2.7045,3.1525,7.74,226,64,29,31.33261,-97.46821
LMN30,LMN,PC,L,L,43.6875,2.266,2.5415,6.805,7.2415,228,106,39,31.33261,-97.46821
LMN4,LMN,PC,L,L,38.1625,3.8865,4.65,4.9835,7.9115,255,106,17,31.33261,-97.46821
LMN5,LMN,PC,L,L,41.054,3.5215,1.5445,5.8105,9.693,226,64,29,31.33261,-97.46821
LMN6,LMN,PC,L,L,30.4625,3.0305,0.959,3.4875,7.829,224,41,19,31.33261,-97.46821
LMN7,LMN,PC,L,L,31.5835,3.5395,2.951,4.8645,7.741,224,41,19,31.33261,-97.46821
LMN8,LMN,PC,L,L,43.1045,2.692,2.2355,4.7655,7.812,255,106,17,31.33261,-97.46821
LMN9,LMN,PC,L,L,37.165,2.792,4.312,5.0845,5.869,226,64,29,31.33261,-97.46821
LRR1,LRR,PC,L,L,32.233,2.3305,2.0965,3.211,6.209,248,68,35,30.61922,-98.07169
LRR10,LRR,PC,L,L,32.347,2.738,2.3545,4.001,7.691,255,124,17,30.61922,-98.07169
LRR11,LRR,PC,L,L,31.472,2.8205,2.3665,4.076,5.6975,242,99,40,30.61922,-98.07169
LRR12,LRR,PC,L,L,29.8215,3.3605,0.7415,3.82,8.438,224,41,19,30.61922,-98.07169
LRR13,LRR,PC,L,L,32.5405,2.8195,0.986,2.9725,4.7685,239,54,16,30.61922,-98.07169
LRR14,LRR,PC,L,L,40.645,2.5835,1.177,3.4675,9.0065,242,99,40,30.61922,-98.07169
LRR15,LRR,PC,L,L,38.985,2.875,3.5275,4.3605,5.552,242,99,40,30.61922,-98.07169
LRR16,LRR,PC,L,L,38.4335,2.1245,2.9085,4.7365,5.3435,255,124,17,30.61922,-98.07169
LRR17,LRR,PC,L,L,39.0565,3.3665,2.3725,5.85,4.68,246,79,44,30.61922,-98.07169
LRR18,LRR,PC,L,L,32.8915,2.5485,3.2985,3.458,6.1325,255,74,32,30.61922,-98.07169
LRR19,LRR,PC,L,L,37.591,2.3415,2.478,4.4005,6.9245,255,92,15,30.61922,-98.07169
LRR2,LRR,PC,L,L,34.653,2.986,1.5095,5.5885,6.546,246,79,44,30.61922,-98.07169
LRR21,LRR,PC,L,L,33.8885,3.003,2.669,3.4015,7.763,255,81,25,30.61922,-98.07169
LRR22,LRR,PC,L,L,41.912,3.262,3.753,4.2965,8.6425,238,90,47,30.61922,-98.07169
LRR23,LRR,PC,L,L,31.9545,3.057,2.659,3.612,7.9165,242,99,40,30.61922,-98.07169
LRR24,LRR,PC,L,L,35.3235,2.6075,1.7235,4.069,4.66,255,74,32,30.61922,-98.07169
LRR25,LRR,PC,L,L,25.534,2.8345,0.842,3.013,6.6685,255,74,32,30.61922,-98.07169
LRR26,LRR,PC,L,L,30.9725,3.3095,2.0025,3.15,5.563,241,57,24,30.61922,-98.07169
LRR27,LRR,PC,L,L,33.6935,2.837,1.8305,2.7885,5.1625,241,57,24,30.61922,-98.07169
LRR28,LRR,PC,L,L,31.8915,2.2715,0.982,3.5145,4.819,246,79,44,30.61922,-98.07169
LRR29,LRR,PC,L,L,24.77,2.757,4.0385,1.9605,7.674,242,99,40,30.61922,-98.07169
LRR3,LRR,PC,L,L,35.72,3.1445,1.2335,4.571,6.193,239,54,16,30.61922,-98.07169
LRR30,LRR,PC,L,L,27.296,2.9625,3.486,2.77,5.173,255,113,23,30.61922,-98.07169
LRR4,LRR,PC,L,L,36.721,2.8305,4.283,4.734,8.441,255,92,15,30.61922,-98.07169
LRR5,LRR,PC,L,L,35.4445,3.4895,3.905,4.432,7.198,238,90,47,30.61922,-98.07169
LRR6,LRR,PC,L,L,38.163,2.5795,2.413,4.7475,6.725,255,81,25,30.61922,-98.07169
LRR7,LRR,PC,L,L,34.525,2.8665,0.7955,4.901,7.2345,238,90,47,30.61922,-98.07169
LRR8,LRR,PC,L,L,28.9755,2.557,1.5285,3.665,5.0945,248,68,35,30.61922,-98.07169
LRR9,LRR,PC,L,L,39.278,3.649,1.297,4.264,8.343,242,99,40,30.61922,-98.07169
LVH1,LVH,PC,L,L,34.9345,2.6425,3.213,4.8605,6.974,239,54,16,30.2759,-97.8971
LVH10,LVH,PC,L,L,31.639,2.5355,1.486,4.1685,4.916,248,68,35,30.2759,-97.8971
LVH11,LVH,PC,L,L,27.831,3.039,1.8565,3.8515,5.4275,241,57,24,30.2759,-97.8971
LVH12,LVH,PC,L,L,36.7055,2.363,2.9255,4.928,5.0795,241,57,24,30.2759,-97.8971
LVH13,LVH,PC,L,L,28.6425,2.405,1.7285,4.1875,2.7975,224,41,19,30.2759,-97.8971
LVH14,LVH,PC,L,L,33.9155,2.639,2.5505,4.138,5.2005,246,79,44,30.2759,-97.8971
LVH15,LVH,PC,L,L,37.1315,2.701,2.866,4.2645,4.741,241,57,24,30.2759,-97.8971
LVH16,LVH,PC,L,L,28.677,2.788,1.4885,4.409,5.7665,241,57,24,30.2759,-97.8971
LVH17,LVH,PC,L,L,33.4475,2.636,2.4755,5.2845,4.2115,239,54,16,30.2759,-97.8971
LVH18,LVH,PC,L,L,35.063,2.631,2.2735,4.5805,3.941,248,68,35,30.2759,-97.8971
LVH19,LVH,PC,L,L,34.6645,2.211,2.925,3.9205,4.081,224,41,19,30.2759,-97.8971
LVH2,LVH,PC,L,L,33.6745,3.1845,2.1885,4.5905,8.922,255,93,60,30.2759,-97.8971
LVH20,LVH,PC,L,L,31.1185,3.06,2.7945,4.943,5.038,248,68,35,30.2759,-97.8971
LVH21,LVH,PC,L,L,34.5985,3.122,4.826,5.0615,6.514,224,41,19,30.2759,-97.8971
LVH22,LVH,PC,L,L,39.986,2.8745,1.9325,4.487,4.4535,248,68,35,30.2759,-97.8971
LVH23,LVH,PC,L,L,32.426,3.769,2.3285,3.398,6.839,239,54,16,30.2759,-97.8971
LVH24,LVH,PC,L,L,37.879,2.648,1.9275,4.9825,6.446,241,57,24,30.2759,-97.8971
LVH25,LVH,PC,L,L,32.726,2.71,2.922,3.998,3.042,248,68,35,30.2759,-97.8971
LVH26,LVH,PC,L,L,35.6235,2.821,3.451,5.3075,3.842,224,41,19,30.2759,-97.8971
LVH27,LVH,PC,L,L,33.375,2.3655,0.912,3.2985,4.712,239,54,16,30.2759,-97.8971
LVH28,LVH,PC,L,L,33.0705,3.0375,2.812,3.9345,5.88,238,90,47,30.2759,-97.8971
LVH29,LVH,PC,L,L,35.791,2.862,1.591,5.546,5.8385,239,54,16,30.2759,-97.8971
LVH3,LVH,PC,L,L,37.0385,2.797,2.365,3.9095,6.2515,248,68,35,30.2759,-97.8971
LVH30,LVH,PC,L,L,32.6505,2.983,2.867,3.4325,4.487,224,41,19,30.2759,-97.8971
LVH4,LVH,PC,L,L,36.274,2.9475,2.09,5.6815,7.2345,248,68,35,30.2759,-97.8971
LVH5,LVH,PC,L,L,32.5615,2.667,2.0155,3.2295,4.4995,215,66,43,30.2759,-97.8971
LVH6,LVH,PC,L,L,34.543,3.3005,5.72,6.203,6.89,248,68,35,30.2759,-97.8971
LVH7,LVH,PC,L,L,30.38,2.5215,1.909,3.4995,5.5995,248,68,35,30.2759,-97.8971
LVH8,LVH,PC,L,L,33.19,3.3425,4.045,4.4175,6.714,248,68,35,30.2759,-97.8971
LVH9,LVH,PC,L,L,32.4135,2.6055,2.59,4.148,3.7815,224,41,19,30.2759,-97.8971
PCM1,PCM,PC,P,P,28.2265,3.868,3.2845,4.1305,5.205,205,44,123,33.31087,-96.24411
PCM10,PCM,PC,P,P,23.596,3.658,3.9845,3.4615,3.324,214,103,185,33.31087,-96.24411
PCM11,PCM,PC,P,P,32.741,3.0755,1.011,5.471,3.2445,252,162,156,33.31087,-96.24411
PCM12,PCM,PC,P,P,28.151,3.559,3.689,3.799,4.3835,188,30,106,33.31087,-96.24411
PCM13,PCM,PC,P,P,30.697,3.573,3.014,6.24,4.6485,205,44,123,33.31087,-96.24411
PCM14,PCM,PC,P,P,36.5435,3.8495,2.9015,5.481,4.454,205,44,123,33.31087,-96.24411
PCM15,PCM,PC,P,P,30.033,3.9135,2.1745,4.397,3.7825,188,30,106,33.31087,-96.24411
PCM16,PCM,PC,P,P,29.5795,3.7775,2.3405,5.561,7.5195,205,44,123,33.31087,-96.24411
PCM17,PCM,PC,P,P,26.745,3.7145,1.4565,4.872,3.783,205,44,123,33.31087,-96.24411
PCM18,PCM,PC,P,P,32.9915,3.756,5.705,5.5325,3.8965,159,24,67,33.31087,-96.24411
PCM19,PCM,PC,P,P,33.6115,3.8125,0.9065,5.717,2.278,208,55,104,33.31087,-96.24411
PCM2,PCM,PC,P,P,32.182,4.231,2.196,4.2355,6.1185,197,56,139,33.31087,-96.24411
PCM20,PCM,PC,P,P,32.0435,3.3615,3.362,5.017,2.7685,205,44,123,33.31087,-96.24411
PCM21,PCM,PC,P,P,33.515,3.954,1.505,6.183,2.8665,158,41,112,33.31087,-96.24411
PCM22,PCM,PC,P,P,30.112,4.064,1.749,5.1185,7.0285,158,41,112,33.31087,-96.24411
PCM23,PCM,PC,P,P,28.6965,4.329,2.4295,3.871,3.3685,178,79,137,33.31087,-96.24411
PCM24,PCM,PC,P,P,32.763,4.185,1.9865,5.079,3.7735,219,87,174,33.31087,-96.24411
PCM25,PCM,PC,P,P,28.9505,3.577,2.505,3.8085,3.347,197,56,139,33.31087,-96.24411
PCM26,PCM,PC,P,P,31.855,3.5385,3.443,5.741,8.0885,188,30,106,33.31087,-96.24411
PCM27,PCM,PC,P,P,37.3785,3.845,5.1105,5.411,5.592,197,56,139,33.31087,-96.24411
PCM28,PCM,PC,P,P,32.6675,4.2825,2.784,5.596,5.2275,159,27,76,33.31087,-96.24411
PCM29,PCM,PC,P,P,27.8795,3.329,1.88,4.667,6.0995,205,44,123,33.31087,-96.24411
PCM3,PCM,PC,P,P,28.042,3.913,5.292,5.2595,3.752,159,27,76,33.31087,-96.24411
PCM30,PCM,PC,P,P,33.579,3.741,3.567,6.3825,7.2625,188,30,106,33.31087,-96.24411
PCM4,PCM,PC,P,P,26.121,3.673,1.34,6.1525,3.1205,205,44,123,33.31087,-96.24411
PCM5,PCM,PC,P,P,25.9945,3.9695,2.7795,4.7375,2.894,188,0,78,33.31087,-96.24411
PCM6,PCM,PC,P,P,26.612,3.938,2.0125,4.4165,4.667,205,44,123,33.31087,-96.24411
PCM7,PCM,PC,P,P,33.873,4.1855,4.315,5.7165,5.506,188,30,106,33.31087,-96.24411
PCM8,PCM,PC,P,P,29.1445,3.684,1.233,4.714,2.922,188,30,106,33.31087,-96.24411
PCM9,PCM,PC,P,P,33.1365,4.7755,2.2405,4.628,5.1485,201,59,123,33.31087,-96.24411
PMT1,PMT,PC,P,P,39.1985,3.025,1.321,4.692,4.6135,216,49,81,31.88892,-97.69912
PMT10,PMT,PC,P,P,37.6005,3.5265,3.375,4.1255,5.1845,186,38,62,31.88892,-97.69912
PMT11,PMT,PC,P,P,28.5085,3.408,1.7155,3.838,6.971,219,66,102,31.88892,-97.69912
PMT12,PMT,PC,P,P,35.7985,3.1795,2.083,4.258,6.381,255,112,107,31.88892,-97.69912
PMT13,PMT,PC,P,P,29.853,3.488,2.961,3.2655,6.4785,172,58,143,31.88892,-97.69912
PMT14,PMT,PC,P,P,33.4805,3.421,1.174,3.946,4.4235,219,66,102,31.88892,-97.69912
PMT15,PMT,PC,P,P,32.2585,3.792,2.2595,4.3975,4.685,208,55,104,31.88892,-97.69912
PMT16,PMT,PC,P,P,32.488,3.272,1.5215,4.5895,6.852,197,58,93,31.88892,-97.69912
PMT17,PMT,PC,P,P,29.336,2.7785,1.367,3.521,3.987,161,3,40,31.88892,-97.69912
PMT18,PMT,PC,P,P,28.6955,2.801,1.777,3.4025,3.977,223,90,141,31.88892,-97.69912
PMT19,PMT,PC,P,P,33.7025,2.892,1.2635,3.4915,8.4585,208,55,104,31.88892,-97.69912
PMT2,PMT,PC,P,P,31.4805,3.701,4.489,3.474,3.495,177,62,54,31.88892,-97.69912
PMT20,PMT,PC,P,P,30.4495,3.369,2.4985,3.985,5.369,208,55,104,31.88892,-97.69912
PMT21,PMT,PC,P,P,33.213,2.4285,1.391,4.592,3.9315,191,31,58,31.88892,-97.69912
PMT22,PMT,PC,P,P,28.742,3.0895,2.313,3.3215,5.0935,201,59,123,31.88892,-97.69912
PMT23,PMT,PC,P,P,33.9825,2.7875,3.528,4.49,5.7055,205,44,123,31.88892,-97.69912
PMT24,PMT,PC,P,P,27.215,2.7995,2.6675,2.9755,3.8535,188,30,106,31.88892,-97.69912
PMT25,PMT,PC,P,P,29.043,2.406,1.0755,4.029,4.0125,255,112,107,31.88892,-97.69912
PMT26,PMT,PC,P,P,32.2095,3.682,1.3975,3.7235,4.886,218,79,79,31.88892,-97.69912
PMT27,PMT,PC,P,P,26.734,3.248,1.439,4.1525,4.703,223,90,141,31.88892,-97.69912
PMT28,PMT,PC,P,P,32.886,3.1535,1.9445,3.1185,7.1205,216,49,81,31.88892,-97.69912
PMT29,PMT,PC,P,P,32.0875,2.982,1.3755,4.5595,6.318,187,49,81,31.88892,-97.69912
PMT3,PMT,PC,P,P,28.1075,2.685,2.6605,3.495,5.185,248,117,131,31.88892,-97.69912
PMT30,PMT,PC,P,P,27.643,3.518,1.2825,3.8595,5.2715,188,30,106,31.88892,-97.69912
PMT4,PMT,PC,P,P,30.9315,3.842,1.18,3.632,4.5185,216,49,81,31.88892,-97.69912
PMT5,PMT,PC,P,P,31.528,2.4705,2.045,4.429,4.8135,223,90,141,31.88892,-97.69912
PMT6,PMT,PC,P,P,28.359,3.1525,4.1515,4.559,6.194,248,117,131,31.88892,-97.69912
PMT7,PMT,PC,P,P,29.909,3.3605,0.969,3.7,4.2875,186,38,62,31.88892,-97.69912
PMT8,PMT,PC,P,P,32.3115,2.9725,1.364,4.9995,6.152,216,49,81,31.88892,-97.69912
PMT9,PMT,PC,P,P,35.961,2.907,5.773,5.0575,6.117,213,96,122,31.88892,-97.69912
PTH1,PTH,PC,P,P,29.064,3.399,2.3075,4.0075,4.978,197,56,139,32.74596,-97.27286
PTH10,PTH,PC,P,P,29.368,3.5235,3.8665,3.7835,8.398,189,63,151,32.74596,-97.27286
PTH11,PTH,PC,P,P,32.5225,3.01,1.5295,3.7465,4.6415,205,44,123,32.74596,-97.27286
PTH12,PTH,PC,P,P,33.2755,4.1435,2.0085,4.1145,4.3585,172,58,143,32.74596,-97.27286
PTH13,PTH,PC,P,P,30.2885,3.633,2.1485,3.3755,6.4455,197,56,139,32.74596,-97.27286
PTH14,PTH,PC,P,P,32.772,3.7985,2.771,5.6085,4.664,188,30,106,32.74596,-97.27286
PTH15,PTH,PC,P,P,26.3785,3.562,1.3405,4.311,4.722,172,58,143,32.74596,-97.27286
PTH16,PTH,PC,P,P,35.325,3.168,2.2645,4.989,6.66,172,58,143,32.74596,-97.27286
PTH17,PTH,PC,P,P,34.806,3.6105,1.0795,5.5495,4.325,188,30,106,32.74596,-97.27286
PTH18,PTH,PC,P,P,32.5565,3.2865,1.721,4.2055,2.643,172,58,143,32.74596,-97.27286
PTH19,PTH,PC,P,P,30.9935,3.377,3.8685,5.4935,4.4545,219,87,174,32.74596,-97.27286
PTH2,PTH,PC,P,P,34.384,3.499,2.1335,4.8265,8.534,184,40,95,32.74596,-97.27286
PTH20,PTH,PC,P,P,31.944,3.411,2.535,4.1805,4.2365,188,30,106,32.74596,-97.27286
PTH21,PTH,PC,P,P,30.0795,3.0835,2.3425,5.3005,5.5475,172,58,143,32.74596,-97.27286
PTH22,PTH,PC,P,P,36.271,4.224,2.181,6.562,6.3375,172,58,143,32.74596,-97.27286
PTH23,PTH,PC,P,P,29.3445,3.885,2.8305,4.236,5.4465,172,58,143,32.74596,-97.27286
PTH24,PTH,PC,P,P,34.974,3.2855,2.4715,4.2135,4.7215,219,87,174,32.74596,-97.27286
PTH25,PTH,PC,P,P,30.5295,3.247,2.41,5.4535,5.029,172,58,143,32.74596,-97.27286
PTH26,PTH,PC,P,P,30.553,3.798,2.7635,4.05,4.415,189,63,151,32.74596,-97.27286
PTH27,PTH,PC,P,P,34.3935,3.3945,3.2605,5.5345,5.114,197,56,139,32.74596,-97.27286
PTH28,PTH,PC,P,P,31.702,4.031,1.5765,4.574,5.46,189,63,151,32.74596,-97.27286
PTH29,PTH,PC,P,P,34.5105,3.165,2.043,4.0895,5.842,172,58,143,32.74596,-97.27286
PTH3,PTH,PC,P,P,33.422,3.5775,1.761,4.223,5.8635,219,87,174,32.74596,-97.27286
PTH30,PTH,PC,P,P,34.5245,3.5815,3.851,5.133,6.6545,188,30,106,32.74596,-97.27286
PTH4,PTH,PC,P,P,35.515,3.26,1.689,5.556,5.9915,188,30,106,32.74596,-97.27286
PTH5,PTH,PC,P,P,34.802,2.982,1.979,4.6135,5.979,188,30,106,32.74596,-97.27286
PTH6,PTH,PC,P,P,29.3445,3.1125,1.692,4.5255,5.6665,197,56,139,32.74596,-97.27286
PTH7,PTH,PC,P,P,32.797,3.285,2.6815,6.038,7.352,182,46,125,32.74596,-97.27286
PTH8,PTH,PC,P,P,33.203,3.83,2.399,3.9685,8.88,205,44,123,32.74596,-97.27286
PTH9,PTH,PC,P,P,30.0035,3.181,2.4675,4.216,4.894,188,30,106,32.74596,-97.27286
PTMS1,PTMS,PC,P,P,31.5075,3.598,0.9025,3.809,6.181,133,24,77,36.1815,-95.8168383
PTMS10,PTMS,PC,P,P,33.3665,3.464,0.721,4.289,6.037,159,27,76,36.1815,-95.8168383
PTMS11,PTMS,PC,P,P,30.0355,3.189,1.407,4.849,5.351,175,61,136,36.1815,-95.8168383
PTMS12,PTMS,PC,P,P,30.4285,3.347,1.9905,4.459,4.3355,160,29,95,36.1815,-95.8168383
PTMS13,PTMS,PC,P,P,29.8045,2.951,1.617,4.0165,2.634,197,56,139,36.1815,-95.8168383
PTMS14,PTMS,PC,P,P,33.4715,3.454,2.0815,3.4955,8.7075,205,44,123,36.1815,-95.8168383
PTMS15,PTMS,PC,P,P,31.5785,3.8055,2.4025,4.209,5.2605,181,74,145,36.1815,-95.8168383
PTMS16,PTMS,PC,P,P,34.436,4.0965,3.1735,5.8765,6.213,159,27,76,36.1815,-95.8168383
PTMS17,PTMS,PC,P,P,31.6775,3.2365,1.385,3.815,2.906,175,61,136,36.1815,-95.8168383
PTMS18,PTMS,PC,P,P,29.7245,3.819,1.228,3.631,3.697,183,31,83,36.1815,-95.8168383
PTMS19,PTMS,PC,P,P,32.266,3.409,2.0055,5.2505,3.1,189,63,151,36.1815,-95.8168383
PTMS2,PTMS,PC,P,P,34.3295,3.46,1.492,4.781,3.729,181,74,145,36.1815,-95.8168383
PTMS20,PTMS,PC,P,P,32.6285,3.2075,1.7345,4.1015,4.921,175,61,136,36.1815,-95.8168383
PTMS21,PTMS,PC,P,P,30.893,3.052,1.3585,3.9865,4.885,160,29,95,36.1815,-95.8168383
PTMS22,PTMS,PC,P,P,31.476,4.1825,2.083,4.343,5.631,159,27,76,36.1815,-95.8168383
PTMS23,PTMS,PC,P,P,32.5575,3.139,2.345,5.093,2.7405,189,63,151,36.1815,-95.8168383
PTMS24,PTMS,PC,P,P,38.037,3.635,1.5775,4.4,3.845,159,27,76,36.1815,-95.8168383
PTMS25,PTMS,PC,P,P,31.2865,4.2605,1.535,4.3995,3.6975,188,30,106,36.1815,-95.8168383
PTMS26,PTMS,PC,P,P,29.528,4.1805,2.4065,4.894,5.861,188,30,106,36.1815,-95.8168383
PTMS27,PTMS,PC,P,P,32.5805,3.277,3.1145,4.293,3.898,189,63,151,36.1815,-95.8168383
PTMS28,PTMS,PC,P,P,32.063,3.6285,1.5235,4.5155,3.3575,159,26,112,36.1815,-95.8168383
PTMS29,PTMS,PC,P,P,31.1145,3.6895,2.1835,4.4405,7.311,188,30,106,36.1815,-95.8168383
PTMS3,PTMS,PC,P,P,32.1365,3.967,1.4665,4.919,3.889,159,27,76,36.1815,-95.8168383
PTMS30,PTMS,PC,P,P,30.442,3.861,1.4475,4.621,3.4,188,30,106,36.1815,-95.8168383
PTMS4,PTMS,PC,P,P,40.119,3.2975,2.0695,5.1485,4.294,175,61,136,36.1815,-95.8168383
PTMS5,PTMS,PC,P,P,30.5235,3.235,1.7485,4.798,4.2765,196,47,109,36.1815,-95.8168383
PTMS6,PTMS,PC,P,P,28.106,3.339,1.2335,4.094,5.282,188,30,106,36.1815,-95.8168383
PTMS7,PTMS,PC,P,P,39.354,3.3465,2.1095,4.876,5.816,175,61,136,36.1815,-95.8168383
PTMS8,PTMS,PC,P,P,31.2585,3.2,0.907,5.038,3.732,181,74,145,36.1815,-95.8168383
PTMS9,PTMS,PC,P,P,29.382,3.22,1.845,4.3775,4.9385,197,56,139,36.1815,-95.8168383
SBK1,SBK,S,S,sS,47.8155,3.197,2.3965,6.601,2.931,229,95,160,30.06319,-102.27864
SBK10,SBK,S,S,sS,42.48,2.864,2.7945,6.154,1.8955,197,56,139,30.06319,-102.27864
SBK11,SBK,S,S,sS,48.667,3.325,0.9095,6.8305,3.033,219,87,174,30.06319,-102.27864
SBK12,SBK,S,S,sS,42.452,3.12,1.7595,6.1705,2.732,219,87,174,30.06319,-102.27864
SBK13,SBK,S,S,sS,43.382,2.4905,1.682,6.106,2.3125,229,95,160,30.06319,-102.27864
SBK14,SBK,S,S,sS,47.4845,2.957,3.387,6.156,1.8595,219,87,174,30.06319,-102.27864
SBK15,SBK,S,S,sS,43.049,3.0275,1.6675,5.8205,1.8105,197,56,139,30.06319,-102.27864
SBK16,SBK,S,S,sS,42.9065,2.663,2.057,6.5305,1.858,214,103,185,30.06319,-102.27864
SBK17,SBK,S,S,sS,42.3535,2.544,1.4795,5.2305,1.511,235,142,188,30.06319,-102.27864
SBK18,SBK,S,S,sS,50.277,2.5305,1.8545,5.9705,3.003,238,167,206,30.06319,-102.27864
SBK19,SBK,S,S,sS,47.9345,3.143,1.194,6.3665,1.617,223,90,141,30.06319,-102.27864
SBK2,SBK,S,S,sS,44.6105,2.3875,2.084,7.094,2.6625,229,95,160,30.06319,-102.27864
SBK20,SBK,S,S,sS,40.635,2.514,1.3035,6.0685,2.473,229,95,160,30.06319,-102.27864
SBK21,SBK,S,S,sS,47.0815,2.514,4.7915,5.936,3.2175,214,111,160,30.06319,-102.27864
SBK22,SBK,S,S,sS,32.29,2.404,4.459,5.2245,2.5615,219,118,176,30.06319,-102.27864
SBK23,SBK,S,S,sS,41.034,2.91,1.8675,5.298,2.0365,228,123,196,30.06319,-102.27864
SBK24,SBK,S,S,sS,39.3965,2.7715,2.2615,5.214,2.7645,228,123,196,30.06319,-102.27864
SBK25,SBK,S,S,sS,41.4795,2.514,1.244,5.2755,2.213,219,87,174,30.06319,-102.27864
SBK26,SBK,S,S,sS,40.383,2.539,1.745,5.562,2.201,219,87,174,30.06319,-102.27864
SBK27,SBK,S,S,sS,45.294,2.6035,2.0295,6.814,2.3505,233,129,171,30.06319,-102.27864
SBK28,SBK,S,S,sS,46.402,2.9675,2.0965,6.112,1.896,214,103,185,30.06319,-102.27864
SBK29,SBK,S,S,sS,46.315,2.7055,1.46,6.411,4.717,219,87,174,30.06319,-102.27864
SBK3,SBK,S,S,sS,43.664,2.8115,2.043,5.5325,4.1235,219,118,176,30.06319,-102.27864
SBK30,SBK,S,S,sS,44.3385,2.918,1.415,6.9275,2.611,219,118,176,30.06319,-102.27864
SBK4,SBK,S,S,sS,56.3945,2.9505,5.973,7.9315,2.313,208,55,104,30.06319,-102.27864
SBK5,SBK,S,S,sS,54.708,2.964,1.387,6.782,2.0985,220,91,143,30.06319,-102.27864
SBK6,SBK,S,S,sS,44.2115,2.8685,1.8085,6.434,1.796,219,118,176,30.06319,-102.27864
SBK7,SBK,S,S,sS,45.028,2.288,2.06,5.8215,1.4895,219,118,176,30.06319,-102.27864
SBK8,SBK,S,S,sS,49.5255,2.8915,1.157,7.655,2.756,228,123,196,30.06319,-102.27864
SBK9,SBK,S,S,sS,52.8295,2.993,1.277,4.9875,2.9975,235,142,188,30.06319,-102.27864
SBL1,SBL,S,S,wS,48.8,3.65,1.672,5.945,1.614,149,171,70,33.34243,-104.333
SBL11,SBL,S,S,wS,42.825,3.288,1.241,6.1395,1.641,163,191,93,33.34243,-104.333
SBL12,SBL,S,S,wS,40.988,3.8575,1.338,5.723,1.595,228,91,106,33.34243,-104.333
SBL13,SBL,S,S,wS,44.6085,2.8515,1.7595,5.092,3.0865,149,171,70,33.34243,-104.333
SBL14,SBL,S,S,wS,39.046,3.4855,1.1275,4.957,2.461,155,200,66,33.34243,-104.333
SBL15,SBL,S,S,wS,49.164,3.1085,0.9255,5.703,1.4035,161,199,123,33.34243,-104.333
SBL16,SBL,S,S,wS,53.409,3.5555,2.167,5.7165,1.736,163,191,93,33.34243,-104.333
SBL17,SBL,S,S,wS,43.15,2.509,1.322,5.295,1.2225,248,117,131,33.34243,-104.333
SBL18,SBL,S,S,wS,44.768,2.5855,1.4915,4.844,1.5535,255,133,145,33.34243,-104.333
SBL19,SBL,S,S,wS,46.636,3.1825,1.481,5.0675,1.4025,228,91,106,33.34243,-104.333
SBL2,SBL,S,S,wS,50.747,2.857,1.29,5.0115,1.316,228,91,106,33.34243,-104.333
SBL21,SBL,S,S,wS,48.3055,3.628,1.156,5.4875,1.6635,242,122,108,33.34243,-104.333
SBL22,SBL,S,S,wS,57.0105,3.2795,1.351,6.757,2.2345,255,100,106,33.34243,-104.333
SBL23,SBL,S,S,wS,44.3365,2.86,1.364,5.859,1.6025,149,171,70,33.34243,-104.333
SBL24,SBL,S,S,wS,47.6385,2.7745,0.9635,5.487,1.615,187,78,76,33.34243,-104.333
SBL25,SBL,S,S,wS,45.318,3.1845,2.064,5.418,2.1955,149,171,70,33.34243,-104.333
SBL26,SBL,S,S,wS,47.3975,3.143,1.164,4.885,1.775,246,142,151,33.34243,-104.333
SBL27,SBL,S,S,wS,50.494,3.069,1.4585,5.14,1.5525,249,148,136,33.34243,-104.333
SBL28,SBL,S,S,wS,52.079,2.1655,1.7085,5.2775,1.9165,149,171,70,33.34243,-104.333
SBL29,SBL,S,S,wS,41.074,3.4275,3.2035,5.337,1.355,255,133,145,33.34243,-104.333
SBL3,SBL,S,S,wS,38.0855,3.3415,0.9375,5.7525,1.572,149,171,70,33.34243,-104.333
SBL30,SBL,S,S,wS,50.1915,2.957,1.9565,5.6965,1.4855,250,176,190,33.34243,-104.333
SBL4,SBL,S,S,wS,47.9535,3.227,2.0605,6.7165,1.8315,149,171,70,33.34243,-104.333
SBL5,SBL,S,S,wS,41.807,2.653,2.286,4.811,1.3285,255,205,95,33.34243,-104.333
SBL6,SBL,S,S,wS,40.5445,3.4745,1.151,6.2215,1.633,185,193,113,33.34243,-104.333
SBL7,SBL,S,S,wS,49.2355,3.6335,1.489,6.4545,1.449,228,91,106,33.34243,-104.333
SBL8,SBL,S,S,wS,47.5135,2.7615,1.6095,6.378,1.627,223,134,161,33.34243,-104.333
SBL9,SBL,S,S,wS,40.299,2.648,1.1165,4.66,1.2075,241,132,169,33.34243,-104.333
SCL1,SCL,S,S,wS,39.751,3.4205,0.931,2.3845,1.3,255,112,107,33.5655,-101.80032
SCL10,SCL,S,S,wS,51.23,3.32,1.152,5.804,1.7455,227,75,72,33.5655,-101.80032
SCL11,SCL,S,S,wS,44.1915,2.6655,1.6115,5.6,1.403,252,162,156,33.5655,-101.80032
SCL12,SCL,S,S,wS,46.4475,2.656,1.196,5.578,1.3045,255,166,130,33.5655,-101.80032
SCL13,SCL,S,S,wS,39.464,2.7215,1.133,5.134,1.391,248,117,131,33.5655,-101.80032
SCL14,SCL,S,S,wS,48.5935,2.4215,1.1675,6.5535,1.341,252,157,147,33.5655,-101.80032
SCL15,SCL,S,S,wS,41.789,2.791,1.33,5.5245,1.6925,242,122,108,33.5655,-101.80032
SCL16,SCL,S,S,wS,45.4825,3.4135,2.1375,7.2935,1.519,163,191,93,33.5655,-101.80032
SCL17,SCL,S,S,wS,37.644,3.01,1.8765,5.0135,1.2955,249,138,132,33.5655,-101.80032
SCL18,SCL,S,S,wS,54.35,2.8115,2.357,6.237,1.614,248,117,131,33.5655,-101.80032
SCL19,SCL,S,S,wS,41.1605,2.964,1.4145,5.0805,1.474,245,134,132,33.5655,-101.80032
SCL2,SCL,S,S,wS,41.0265,2.856,2.83,4.89,1.4,255,172,161,33.5655,-101.80032
SCL20,SCL,S,S,wS,44.861,2.8065,0.9325,6.1535,1.3595,249,148,136,33.5655,-101.80032
SCL21,SCL,S,S,wS,45.574,2.9975,1.2535,5.3135,1.262,242,96,105,33.5655,-101.80032
SCL22,SCL,S,S,wS,42.0505,2.7695,1.162,5.6445,1.5525,200,207,155,33.5655,-101.80032
SCL23,SCL,S,S,wS,43.0825,3.2425,1.023,5.684,1.399,255,182,176,33.5655,-101.80032
SCL24,SCL,S,S,wS,45.3615,2.798,1.575,5.1485,1.5495,248,117,131,33.5655,-101.80032
SCL25,SCL,S,S,wS,43.599,2.9675,2.118,6.205,1.396,252,157,147,33.5655,-101.80032
SCL26,SCL,S,S,wS,36.656,2.8665,1.5455,5.595,1.6945,255,112,107,33.5655,-101.80032
SCL27,SCL,S,S,wS,40.244,3.0045,1.342,4.925,1.2515,149,171,70,33.5655,-101.80032
SCL28,SCL,S,S,wS,45.1035,2.7495,1.874,5.789,1.6715,163,191,93,33.5655,-101.80032
SCL29,SCL,S,S,wS,44.695,3.402,2.645,5.921,1.169,240,201,214,33.5655,-101.80032
SCL3,SCL,S,S,wS,43.9535,2.2655,1.257,5.2295,1.304,185,193,113,33.5655,-101.80032
SCL30,SCL,S,S,wS,37.6315,3.1225,1.989,5.8135,1.5995,242,122,108,33.5655,-101.80032
SCL4,SCL,S,S,wS,55.381,2.649,1.168,6.086,1.773,255,182,176,33.5655,-101.80032
SCL5,SCL,S,S,wS,44.4725,3.237,1.901,6.526,1.535,252,162,156,33.5655,-101.80032
SCL6,SCL,S,S,wS,48.0445,3.059,2.179,5.294,1.736,242,96,105,33.5655,-101.80032
SCL7,SCL,S,S,wS,42.183,2.609,1.911,4.9035,1.5335,252,162,156,33.5655,-101.80032
SCL8,SCL,S,S,wS,52.357,2.9195,1.9185,6.471,1.7055,255,172,161,33.5655,-101.80032
SCL9,SCL,S,S,wS,39.422,2.644,1.007,5.669,1.63,163,191,93,33.5655,-101.80032
SDC1,SDC,S,S,wS,41.1125,3.6155,0.6125,5.1045,1.0225,218,79,79,37.75643,-103.59391
SDC10,SDC,S,S,wS,51.252,3.0455,1.1585,6.7655,1.893,148,154,108,37.75643,-103.59391
SDC11,SDC,S,S,wS,49.9375,2.6195,1.025,7.265,1.2985,249,148,136,37.75643,-103.59391
SDC12,SDC,S,S,wS,41.7915,3.295,1.555,5.683,1.418,216,92,107,37.75643,-103.59391
SDC13,SDC,S,S,wS,51.782,2.6415,1.935,6.7815,1.4075,185,193,113,37.75643,-103.59391
SDC14,SDC,S,S,wS,41.284,3.589,1.2035,7.215,1.256,255,172,161,37.75643,-103.59391
SDC15,SDC,S,S,wS,44.7745,2.986,2.407,5.901,1.286,227,75,72,37.75643,-103.59391
SDC16,SDC,S,S,wS,55.7165,2.958,1.478,7.6085,1.387,255,182,176,37.75643,-103.59391
SDC17,SDC,S,S,wS,43.934,3.323,1.844,4.562,1.455,208,55,104,37.75643,-103.59391
SDC19,SDC,S,S,wS,46.8925,2.8805,1.2185,6.6975,1.0135,228,91,106,37.75643,-103.59391
SDC2,SDC,S,S,wS,47.9415,3.372,0.887,6.321,0.933,252,157,147,37.75643,-103.59391
SDC20,SDC,S,S,wS,45.318,2.523,0.8725,6.075,1.1895,242,122,108,37.75643,-103.59391
SDC21,SDC,S,S,wS,50.0005,2.431,1.523,5.8115,1.1385,249,148,136,37.75643,-103.59391
SDC23,SDC,S,S,wS,46.3275,2.7675,1.3485,6.8525,1.4675,149,171,70,37.75643,-103.59391
SDC24,SDC,S,S,wS,46.175,2.9695,1.5775,4.2785,1.3095,245,134,132,37.75643,-103.59391
SDC25,SDC,S,S,wS,34.2705,3.4505,0.857,5.584,1.6325,255,133,145,37.75643,-103.59391
SDC26,SDC,S,S,wS,51.821,3.0055,1.6915,6.2215,1.5375,242,96,105,37.75643,-103.59391
SDC27,SDC,S,S,wS,41.8235,2.7365,1.788,5.2745,0.9845,255,172,161,37.75643,-103.59391
SDC28,SDC,S,S,wS,48.3085,2.697,1.062,5.515,1.56,185,193,113,37.75643,-103.59391
SDC29,SDC,S,S,wS,41.9195,3.126,1.2,4.5235,1.356,252,162,156,37.75643,-103.59391
SDC3,SDC,S,S,wS,42.679,2.7325,0.8575,5.0485,1.3995,252,162,156,37.75643,-103.59391
SDC30,SDC,S,S,wS,48.126,2.818,0.6325,6.4845,1.808,249,148,136,37.75643,-103.59391
SDC4,SDC,S,S,wS,48.18,3.767,0.887,6.548,1.7255,255,172,161,37.75643,-103.59391
SDC5,SDC,S,S,wS,44.183,3.0645,1.925,5.4755,1.718,242,96,105,37.75643,-103.59391
SDC6,SDC,S,S,wS,44.7435,3.278,1.994,5.021,2.0245,252,157,147,37.75643,-103.59391
SDC7,SDC,S,S,wS,45.151,3.4945,0.807,5.346,1.359,255,133,145,37.75643,-103.59391
SDC8,SDC,S,S,wS,41.765,3.3105,0.3335,4.663,1.904,255,172,161,37.75643,-103.59391
SDC9,SDC,S,S,wS,56.153,2.893,0.213,5.709,1.9355,247,173,176,37.75643,-103.59391
SFP1,SFP,S,S,nS,39.8565,3.0945,2.159,4.285,2.14,128,150,45,47.05173,-96.427291
SFP10,SFP,S,S,nS,44.2425,2.9065,1.892,8.5675,3.271,128,150,45,47.05173,-96.427291
SFP11,SFP,S,S,nS,43.3655,2.7625,1.01,4.4855,2.515,185,193,113,47.05173,-96.427291
SFP12,SFP,S,S,nS,43.0915,2.3175,0.7265,4.6635,2.1455,128,150,45,47.05173,-96.427291
SFP13,SFP,S,S,nS,41.716,2.7255,2.109,5.3055,2.6265,128,150,45,47.05173,-96.427291
SFP14,SFP,S,S,nS,34.9285,3.003,1.4065,6.216,2.0735,128,150,45,47.05173,-96.427291
SFP15,SFP,S,S,nS,39.8405,2.5665,1.423,6.599,1.812,128,150,45,47.05173,-96.427291
SFP16,SFP,S,S,nS,40.344,3.344,0.977,5.3455,2.894,128,150,45,47.05173,-96.427291
SFP17,SFP,S,S,nS,38.914,2.9055,2.053,5.935,2.4085,128,150,45,47.05173,-96.427291
SFP18,SFP,S,S,nS,36.3075,2.589,0.308,7.1595,2.236,149,171,70,47.05173,-96.427291
SFP19,SFP,S,S,nS,45.6745,3.1795,1.077,6.7505,2.5035,128,150,45,47.05173,-96.427291
SFP2,SFP,S,S,nS,38.0225,3.031,1.512,5.386,2.809,128,150,45,47.05173,-96.427291
SFP20,SFP,S,S,nS,37.652,2.4085,2.836,4.897,2.2025,149,171,70,47.05173,-96.427291
SFP21,SFP,S,S,nS,45.551,2.962,1.671,5.942,2.3525,149,171,70,47.05173,-96.427291
SFP22,SFP,S,S,nS,51.2135,2.9745,1.092,4.4005,3.9625,149,171,70,47.05173,-96.427291
SFP23,SFP,S,S,nS,35.453,2.5805,2.395,4.1525,3.2105,185,193,113,47.05173,-96.427291
SFP24,SFP,S,S,nS,38.5085,2.7685,1.548,4.806,3.591,149,171,70,47.05173,-96.427291
SFP25,SFP,S,S,nS,42.321,2.8895,0.867,5.923,1.785,200,207,155,47.05173,-96.427291
SFP26,SFP,S,S,nS,36.9525,2.4575,0.959,4.4805,3.2625,149,171,70,47.05173,-96.427291
SFP27,SFP,S,S,nS,40.613,3.1915,1.5315,4.436,2.9465,128,150,45,47.05173,-96.427291
SFP28,SFP,S,S,nS,53.6205,2.624,0.932,5.3895,1.9405,128,150,45,47.05173,-96.427291
SFP29,SFP,S,S,nS,35.7085,3.0855,0.9125,5.78,2.256,128,150,45,47.05173,-96.427291
SFP3,SFP,S,S,nS,40.409,3.1565,1.1455,4.268,2.3875,149,171,70,47.05173,-96.427291
SFP30,SFP,S,S,nS,42.1545,2.9615,1.8035,6.2765,1.982,149,171,70,47.05173,-96.427291
SFP4,SFP,S,S,nS,43.3565,2.696,0.9715,4.8375,2.0065,128,150,45,47.05173,-96.427291
SFP5,SFP,S,S,nS,41.378,2.6365,1.9465,5.4005,1.921,149,171,70,47.05173,-96.427291
SFP6,SFP,S,S,nS,44.511,2.8365,1.716,4.8815,2.4715,149,171,70,47.05173,-96.427291
SFP7,SFP,S,S,nS,36.327,2.9265,4.075,3.956,3.8695,128,150,45,47.05173,-96.427291
SFP8,SFP,S,S,nS,41.619,3.012,0.9765,5.3795,2.786,149,171,70,47.05173,-96.427291
SFP9,SFP,S,S,nS,44.0625,2.5965,1.6125,5.5555,3.582,128,150,45,47.05173,-96.427291
SIC1,SIC,S,S,sS,31.147,1.7475,1.13,4.105,1.946,241,132,169,30.486035,-101.7882521
SIC10,SIC,S,S,sS,33.0585,2.5345,1.3345,3.5625,2.409,223,90,141,30.486035,-101.7882521
SIC11,SIC,S,S,sS,29.283,2.8125,2.279,4.9055,1.936,197,58,93,30.486035,-101.7882521
SIC12,SIC,S,S,sS,31.1125,2.5465,1.6305,4.2295,2.6125,223,90,141,30.486035,-101.7882521
SIC13,SIC,S,S,sS,28.1315,2.7225,1.3465,5.121,1.7575,228,123,196,30.486035,-101.7882521
SIC14,SIC,S,S,sS,27.7585,2.3655,1.5225,4.825,3.8475,245,161,193,30.486035,-101.7882521
SIC15,SIC,S,S,sS,39.246,2.2565,1.4595,6.84,2.7695,220,91,143,30.486035,-101.7882521
SIC16,SIC,S,S,sS,33.543,3.2115,1.632,5.575,3.771,241,132,169,30.486035,-101.7882521
SIC17,SIC,S,S,sS,25.201,2.493,1.469,3.4895,2.837,230,119,173,30.486035,-101.7882521
SIC18,SIC,S,S,sS,30.7725,2.3745,2.572,4.604,3.6655,223,90,141,30.486035,-101.7882521
SIC19,SIC,S,S,sS,26.8445,2.504,1.2055,4.5025,1.716,213,96,122,30.486035,-101.7882521
SIC2,SIC,S,S,sS,25.853,3.3475,1.669,4.0855,3.521,223,134,161,30.486035,-101.7882521
SIC20,SIC,S,S,sS,29.5995,2.3895,1.3895,4.438,3.0135,220,91,143,30.486035,-101.7882521
SIC21,SIC,S,S,sS,25.4825,2.5475,0.9815,3.832,2.2345,228,123,196,30.486035,-101.7882521
SIC22,SIC,S,S,sS,32.599,2.364,1.283,4.4695,2.094,223,90,141,30.486035,-101.7882521
SIC23,SIC,S,S,sS,27.8495,2.598,1.248,4.997,2.1465,235,139,216,30.486035,-101.7882521
SIC24,SIC,S,S,sS,32.5145,2.494,1.2815,5.0695,3.156,223,90,141,30.486035,-101.7882521
SIC25,SIC,S,S,sS,26.2175,2.271,1.939,3.739,1.408,241,132,169,30.486035,-101.7882521
SIC26,SIC,S,S,sS,28.153,2.8485,2.022,4.663,1.2155,241,132,169,30.486035,-101.7882521
SIC27,SIC,S,S,sS,24.2245,2.4445,2.14,3.639,2.404,241,132,169,30.486035,-101.7882521
SIC28,SIC,S,S,sS,27.837,2.833,1.2005,4.182,2.3175,219,87,174,30.486035,-101.7882521
SIC29,SIC,S,S,sS,23.3515,2.0715,0.7555,3.783,2.1015,223,90,141,30.486035,-101.7882521
SIC3,SIC,S,S,sS,31.7205,2.1215,0.9765,5.0605,2.7545,213,96,122,30.486035,-101.7882521
SIC30,SIC,S,S,sS,35.336,2.867,1.8235,4.7995,2.303,223,90,141,30.486035,-101.7882521
SIC4,SIC,S,S,sS,34.23,2.3575,0.81,4.8525,4.633,241,132,169,30.486035,-101.7882521
SIC5,SIC,S,S,sS,26.954,2.3855,1.9935,4.1575,2.7015,219,87,174,30.486035,-101.7882521
SIC6,SIC,S,S,sS,33.2095,2.5805,1.578,5.6985,2.2545,197,58,93,30.486035,-101.7882521
SIC7,SIC,S,S,sS,28.859,2.5825,2.0255,4.176,2.5125,218,83,129,30.486035,-101.7882521
SIC8,SIC,S,S,sS,30.379,2.396,1.3055,4.345,1.4005,213,96,122,30.486035,-101.7882521
SIC9,SIC,S,S,sS,37.1905,2.4265,2.421,5.322,1.336,229,95,160,30.486035,-101.7882521
SILB1,SILB,S,S,nS,48.8095,2.846,1.535,6.845,0.9205,208,221,90,42.44124,-87.80295
SILB10,SILB,S,S,nS,52.8705,3.3255,0.566,6.573,1.17,149,171,70,42.44124,-87.80295
SILB11,SILB,S,S,nS,56.9845,2.8075,1.353,7.15,1.119,200,207,155,42.44124,-87.80295
SILB12,SILB,S,S,nS,48.324,2.973,1.7055,5.6095,1.2185,149,171,70,42.44124,-87.80295
SILB13,SILB,S,S,nS,53.909,2.829,1.644,6.354,0.9275,185,193,113,42.44124,-87.80295
SILB14,SILB,S,S,nS,48.3465,2.5515,2.1045,6.985,1.7375,155,200,66,42.44124,-87.80295
SILB15,SILB,S,S,nS,44.9295,2.918,1.8605,6.067,1.585,128,150,45,42.44124,-87.80295
SILB16,SILB,S,S,nS,50.2375,3.1135,1.999,8.3215,1.042,128,150,45,42.44124,-87.80295
SILB17,SILB,S,S,nS,49.473,3.0815,1.306,6.539,0.7935,224,225,123,42.44124,-87.80295
SILB18,SILB,S,S,nS,52.0445,3.608,1.4695,7.235,1.2445,155,200,66,42.44124,-87.80295
SILB19,SILB,S,S,nS,52.086,3.02,2.256,6.4515,1.356,173,214,100,42.44124,-87.80295
SILB2,SILB,S,S,nS,53.0255,2.7675,0.4435,7.3145,1.435,229,227,161,42.44124,-87.80295
SILB20,SILB,S,S,nS,57.585,2.861,1.8395,7.113,1.2165,173,214,100,42.44124,-87.80295
SILB21,SILB,S,S,nS,51.059,2.9665,2.608,5.6695,1.269,128,150,45,42.44124,-87.80295
SILB22,SILB,S,S,nS,45.158,3.252,2.8605,7.056,1.3245,128,150,45,42.44124,-87.80295
SILB23,SILB,S,S,nS,48.728,2.8365,2.2125,6.354,1.4135,173,214,100,42.44124,-87.80295
SILB24,SILB,S,S,nS,47.7855,2.4865,1.846,6.9385,1.577,208,221,90,42.44124,-87.80295
SILB25,SILB,S,S,nS,50.3285,3.4845,1.7255,8.216,1.7645,185,193,113,42.44124,-87.80295
SILB26,SILB,S,S,nS,51.299,2.699,1.2035,6.555,1.094,208,221,90,42.44124,-87.80295
SILB27,SILB,S,S,nS,43.6835,3.2135,1.7255,7.195,2.413,237,234,115,42.44124,-87.80295
SILB28,SILB,S,S,nS,52.242,3.726,1.2195,7.894,2.1975,240,225,141,42.44124,-87.80295
SILB29,SILB,S,S,nS,65.1815,2.9,2.5835,8.3865,1.3615,240,225,141,42.44124,-87.80295
SILB3,SILB,S,S,nS,51.5725,2.918,1.269,6.551,1.142,255,209,198,42.44124,-87.80295
SILB30,SILB,S,S,nS,57.0285,2.815,1.992,6.517,1.269,229,227,161,42.44124,-87.80295
SILB4,SILB,S,S,nS,54.9875,2.862,1.9565,7.868,1.5385,128,150,45,42.44124,-87.80295
SILB5,SILB,S,S,nS,55.56,3.14,2.3865,5.801,1.265,213,225,172,42.44124,-87.80295
SILB6,SILB,S,S,nS,51.6695,2.774,1.682,9.1385,1.134,213,225,172,42.44124,-87.80295
SILB7,SILB,S,S,nS,58.6515,2.4435,3.1085,6.1865,0.9905,185,193,113,42.44124,-87.80295
SILB8,SILB,S,S,nS,50.3955,3.544,2.412,6.3195,1.2165,247,173,176,42.44124,-87.80295
SILB9,SILB,S,S,nS,53.813,3.482,1.246,6.869,1.4835,185,193,113,42.44124,-87.80295
SMAR1,SMAR,S,S,sS,49.3095,2.7835,1.563,6.278,1.5105,210,62,83,30.4145,-102.98168
SMAR10,SMAR,S,S,sS,39.343,3.1915,0.996,6.328,1.676,197,56,139,30.4145,-102.98168
SMAR11,SMAR,S,S,sS,43.33,3.008,1.1525,6.396,1.78,184,40,95,30.4145,-102.98168
SMAR12,SMAR,S,S,sS,48.343,2.843,2.0735,6.6905,2.0795,219,87,174,30.4145,-102.98168
SMAR13,SMAR,S,S,sS,47.0365,2.698,1.439,5.5845,1.7845,159,24,67,30.4145,-102.98168
SMAR14,SMAR,S,S,sS,38.7245,2.2645,0.6615,5.823,1.971,184,40,95,30.4145,-102.98168
SMAR15,SMAR,S,S,sS,51.722,3.3165,1.6255,6.3995,1.2035,197,56,139,30.4145,-102.98168
SMAR16,SMAR,S,S,sS,45.9195,2.7625,1.307,6.6055,1.7705,186,38,62,30.4145,-102.98168
SMAR17,SMAR,S,S,sS,44.9465,2.803,1.718,5.873,1.656,223,90,141,30.4145,-102.98168
SMAR18,SMAR,S,S,sS,43.9345,3.2015,2.0705,5.7745,2.787,186,38,62,30.4145,-102.98168
SMAR19,SMAR,S,S,sS,49.192,3.1515,1.4955,5.7815,2.9665,191,31,58,30.4145,-102.98168
SMAR2,SMAR,S,S,sS,44.026,2.6415,0.3485,5.2785,1.3015,200,64,66,30.4145,-102.98168
SMAR20,SMAR,S,S,sS,53.4215,2.5935,1.1915,6.5505,1.7535,197,56,139,30.4145,-102.98168
SMAR21,SMAR,S,S,sS,44.373,2.377,2.6385,5.844,1.5125,197,56,139,30.4145,-102.98168
SMAR22,SMAR,S,S,sS,44.727,2.5385,1.564,5.4675,2.051,229,95,160,30.4145,-102.98168
SMAR23,SMAR,S,S,sS,49.305,2.5225,1.085,5.573,1.8185,186,38,62,30.4145,-102.98168
SMAR24,SMAR,S,S,sS,47.394,3.0805,1.3415,5.297,2.058,200,64,66,30.4145,-102.98168
SMAR25,SMAR,S,S,sS,46.965,2.742,1.41,4.7265,1.709,187,49,81,30.4145,-102.98168
SMAR26,SMAR,S,S,sS,41.1035,2.657,0.734,5.888,1.947,255,112,107,30.4145,-102.98168
SMAR27,SMAR,S,S,sS,42.3085,2.4905,0.8435,4.586,2.0595,184,40,95,30.4145,-102.98168
SMAR28,SMAR,S,S,sS,51.5645,2.579,1.224,6.627,1.656,218,79,79,30.4145,-102.98168
SMAR29,SMAR,S,S,sS,47.5375,2.547,1.3395,6.6835,2.222,219,87,174,30.4145,-102.98168
SMAR3,SMAR,S,S,sS,50.1255,3.409,0.787,6.52,1.6855,159,24,67,30.4145,-102.98168
SMAR30,SMAR,S,S,sS,45.527,2.646,1.893,5.338,1.771,187,49,81,30.4145,-102.98168
SMAR4,SMAR,S,S,sS,42.249,2.035,0.555,6.461,1.4445,210,62,83,30.4145,-102.98168
SMAR5,SMAR,S,S,sS,43.0765,2.683,0.8245,6.2515,1.3645,159,24,67,30.4145,-102.98168
SMAR6,SMAR,S,S,sS,42.815,3.3205,1.039,6.7265,2.119,229,95,160,30.4145,-102.98168
SMAR7,SMAR,S,S,sS,45.447,3.5145,1.3095,5.6545,2.825,216,49,81,30.4145,-102.98168
SMAR8,SMAR,S,S,sS,50.5565,4.038,2.457,6.1225,2.188,216,49,81,30.4145,-102.98168
SMAR9,SMAR,S,S,sS,40.878,2.7115,1.1085,5.5835,1.4635,229,95,160,30.4145,-102.98168
SMP1,SMP,S,S,sS,33.198,2.589,2.007,4.861,2.8115,255,202,57,32.2852116,-100.7884505
SMP10,SMP,S,S,sS,26.384,2.285,0.786,4.4995,1.264,208,221,90,32.2852116,-100.7884505
SMP11,SMP,S,S,sS,36.401,2.377,2.2835,4.7955,3.511,213,220,90,32.2852116,-100.7884505
SMP12,SMP,S,S,sS,32.8025,2.614,1.949,4.8155,2.6995,226,219,35,32.2852116,-100.7884505
SMP13,SMP,S,S,sS,36.507,2.8285,1.6245,5.6285,2.3735,226,219,47,32.2852116,-100.7884505
SMP14,SMP,S,S,sS,31.3685,2.5345,1.544,5.9305,2.0905,248,233,90,32.2852116,-100.7884505
SMP15,SMP,S,S,sS,31.1265,2.442,1.182,5.277,2.552,236,221,50,32.2852116,-100.7884505
SMP16,SMP,S,S,sS,35.421,2.457,1.0115,5.7345,3.077,243,220,25,32.2852116,-100.7884505
SMP17,SMP,S,S,sS,30.7505,3.029,4.455,4.7105,2.267,236,221,50,32.2852116,-100.7884505
SMP18,SMP,S,S,sS,29.77,2.5005,1.4625,4.774,2.7755,255,106,17,32.2852116,-100.7884505
SMP19,SMP,S,S,sS,33.222,2.5445,1.8725,6.0035,2.863,236,221,50,32.2852116,-100.7884505
SMP2,SMP,S,S,sS,27.338,2.621,2.004,4.1405,4.3305,211,212,41,32.2852116,-100.7884505
SMP20,SMP,S,S,sS,31.7925,2.4555,3.855,4.4975,1.757,236,221,50,32.2852116,-100.7884505
SMP21,SMP,S,S,sS,29.2,2.71,1.8215,4.965,1.7395,255,225,81,32.2852116,-100.7884505
SMP22,SMP,S,S,sS,30.2335,2.408,2.9105,4.3865,2.3455,226,219,35,32.2852116,-100.7884505
SMP23,SMP,S,S,sS,32.7715,2.5855,1.5995,5.7305,3.0235,211,212,41,32.2852116,-100.7884505
SMP24,SMP,S,S,sS,31.02,2.7185,1.5495,5.7665,2.3825,226,219,47,32.2852116,-100.7884505
SMP25,SMP,S,S,sS,26.578,2.5435,2.346,5.214,2.714,251,217,35,32.2852116,-100.7884505
SMP26,SMP,S,S,sS,25.7695,3.11,0.948,4.252,2.179,243,220,25,32.2852116,-100.7884505
SMP27,SMP,S,S,sS,28.733,2.5775,1.7325,4.169,2.449,251,217,35,32.2852116,-100.7884505
SMP28,SMP,S,S,sS,31.36,2.3185,1.749,4.792,2.855,255,225,81,32.2852116,-100.7884505
SMP29,SMP,S,S,sS,27.539,2.476,2.016,5.08,2.9575,236,221,50,32.2852116,-100.7884505
SMP3,SMP,S,S,sS,27.054,2.482,1.4575,3.651,2.857,226,219,47,32.2852116,-100.7884505
SMP30,SMP,S,S,sS,32.0655,2.048,3.2505,5.038,2.162,243,220,25,32.2852116,-100.7884505
SMP4,SMP,S,S,sS,29.124,2.288,1.488,5.447,1.9775,240,229,95,32.2852116,-100.7884505
SMP5,SMP,S,S,sS,29.56,2.508,1.2455,4.618,2.7625,213,220,90,32.2852116,-100.7884505
SMP6,SMP,S,S,sS,32.084,2.7,1.8665,5.1305,3.666,255,216,92,32.2852116,-100.7884505
SMP7,SMP,S,S,sS,30.2225,2.3635,1.57,4.3065,2.643,213,220,90,32.2852116,-100.7884505
SMP8,SMP,S,S,sS,33.741,2.7905,1.2745,3.4575,3.3925,213,220,90,32.2852116,-100.7884505
SMP9,SMP,S,S,sS,31.4045,2.4585,0.982,5.36,1.642,255,208,69,32.2852116,-100.7884505
SNG1,SNG,S,S,nS,46.2115,3.2155,1.7555,6.331,1.988,128,150,45,41.89933,-89.34156
SNG10,SNG,S,S,nS,50.3505,3.465,2.266,7.557,1.7585,242,233,187,41.89933,-89.34156
SNG11,SNG,S,S,nS,45.6675,3.265,1.635,5.651,1.716,186,216,159,41.89933,-89.34156
SNG12,SNG,S,S,nS,53.5435,3.0755,2.73,6.7415,1.8955,213,225,172,41.89933,-89.34156
SNG13,SNG,S,S,nS,47.124,3.2045,0.9705,6.245,1.69,242,233,187,41.89933,-89.34156
SNG14,SNG,S,S,nS,48.497,3.6365,1.81,6.4885,2.3095,242,233,187,41.89933,-89.34156
SNG15,SNG,S,S,nS,51.4165,3.44,1.517,6.7545,1.5975,185,193,113,41.89933,-89.34156
SNG16,SNG,S,S,nS,51.1935,3.0685,1.7785,6.236,1.7065,252,162,156,41.89933,-89.34156
SNG17,SNG,S,S,nS,49.261,3.433,2.0465,6.7905,2.7395,213,225,172,41.89933,-89.34156
SNG18,SNG,S,S,nS,49.5225,3.16,2.395,6.431,1.8095,252,162,156,41.89933,-89.34156
SNG19,SNG,S,S,nS,47.672,3.43,1.891,7.355,2.1515,229,227,161,41.89933,-89.34156
SNG2,SNG,S,S,nS,52.5125,3.936,0.9335,5.9125,1.5205,185,193,113,41.89933,-89.34156
SNG20,SNG,S,S,nS,54.668,2.3025,1.1775,7.2255,1.7985,185,193,113,41.89933,-89.34156
SNG21,SNG,S,S,nS,46.6145,3.022,1.89,6.896,1.514,242,233,187,41.89933,-89.34156
SNG22,SNG,S,S,nS,52.7255,3.537,1.928,7.2735,2.0545,242,233,187,41.89933,-89.34156
SNG23,SNG,S,S,nS,51.4255,3.1615,1.63,5.189,1.554,242,233,187,41.89933,-89.34156
SNG24,SNG,S,S,nS,52.526,2.941,1.0085,6.482,2.023,242,233,187,41.89933,-89.34156
SNG25,SNG,S,S,nS,46.844,2.8885,1.9,5.5755,1.64,242,233,187,41.89933,-89.34156
SNG26,SNG,S,S,nS,47.233,3.265,1.6445,6.7775,1.7275,185,193,113,41.89933,-89.34156
SNG27,SNG,S,S,nS,55.559,3.479,2.5935,6.42,2.121,213,220,90,41.89933,-89.34156
SNG28,SNG,S,S,nS,50.0855,2.998,1.9325,6.836,2.5055,229,227,161,41.89933,-89.34156
SNG29,SNG,S,S,nS,48.567,2.5615,1.136,6.0135,1.5285,236,184,163,41.89933,-89.34156
SNG3,SNG,S,S,nS,50.9625,2.6135,2.6895,6.1595,2.129,185,193,113,41.89933,-89.34156
SNG30,SNG,S,S,nS,48.761,2.855,2.0185,6.6945,2.327,163,191,93,41.89933,-89.34156
SNG4,SNG,S,S,nS,51.0255,3.123,2.0715,6.824,1.4155,213,225,172,41.89933,-89.34156
SNG5,SNG,S,S,nS,49.1925,2.975,1.2215,7.6045,2.0065,149,171,70,41.89933,-89.34156
SNG6,SNG,S,S,nS,45.5755,3.489,1.8725,5.744,2.8585,213,220,90,41.89933,-89.34156
SNG7,SNG,S,S,nS,45.523,2.9615,1.1625,5.528,1.6195,185,193,113,41.89933,-89.34156
SNG8,SNG,S,S,nS,49.47,3.143,1.68,6.897,1.545,242,233,187,41.89933,-89.34156
SNG9,SNG,S,S,nS,50.698,2.846,1.514,5.9785,1.22,213,225,172,41.89933,-89.34156
SOZ1,SOZ,S,S,sS,45.5295,2.444,1.0375,6.6095,1.348,248,117,131,30.68227,-101.35791
SOZ10,SOZ,S,S,sS,38.873,2.426,1.594,5.77,1.7125,223,90,141,30.68227,-101.35791
SOZ11,SOZ,S,S,sS,44.001,2.111,1.3675,6.612,1.4255,184,40,95,30.68227,-101.35791
SOZ12,SOZ,S,S,sS,44.3025,2.4755,0.678,5.4045,3.0995,248,117,131,30.68227,-101.35791
SOZ13,SOZ,S,S,sS,43.4315,2.5045,2.7885,6.421,2.677,208,55,104,30.68227,-101.35791
SOZ14,SOZ,S,S,sS,46.251,2.816,1.1525,6.851,2.552,223,90,141,30.68227,-101.35791
SOZ15,SOZ,S,S,sS,40.593,2.069,1.6185,5.43,2.929,197,56,139,30.68227,-101.35791
SOZ16,SOZ,S,S,sS,41.4795,2.634,2.6685,5.857,2.2025,208,55,104,30.68227,-101.35791
SOZ17,SOZ,S,S,sS,44.7565,2.7875,3.345,6.874,3.885,223,90,141,30.68227,-101.35791
SOZ18,SOZ,S,S,sS,41.277,2.242,1.9865,6.275,2.633,208,55,104,30.68227,-101.35791
SOZ19,SOZ,S,S,sS,44.465,2.5105,3.3685,6.4015,3.0615,223,90,141,30.68227,-101.35791
SOZ2,SOZ,S,S,sS,47.1885,2.2615,1.9075,6.534,2.2195,219,87,174,30.68227,-101.35791
SOZ20,SOZ,S,S,sS,42.017,2.269,3.808,5.849,2.442,229,95,160,30.68227,-101.35791
SOZ21,SOZ,S,S,sS,40.9135,2.571,2.918,5.6865,2.5695,208,55,104,30.68227,-101.35791
SOZ22,SOZ,S,S,sS,43.2135,2.2015,1.287,7.755,2.3305,197,56,139,30.68227,-101.35791
SOZ23,SOZ,S,S,sS,44.911,2.205,0.808,6.9995,2.9115,208,55,104,30.68227,-101.35791
SOZ24,SOZ,S,S,sS,46.8935,2.3185,2.2965,5.8455,2.1625,197,56,139,30.68227,-101.35791
SOZ25,SOZ,S,S,sS,42.795,2.579,1.8585,5.9415,2.4495,208,55,104,30.68227,-101.35791
SOZ26,SOZ,S,S,sS,41.633,2.292,2.265,5.6965,2.6605,248,117,131,30.68227,-101.35791
SOZ27,SOZ,S,S,sS,41.9135,1.9145,2.102,4.449,2.2865,184,40,95,30.68227,-101.35791
SOZ28,SOZ,S,S,sS,40.2985,2.3865,3.024,5.7855,1.6515,197,56,139,30.68227,-101.35791
SOZ29,SOZ,S,S,sS,45.2175,2.0915,2.3515,7.1005,1.9655,208,55,104,30.68227,-101.35791
SOZ3,SOZ,S,S,sS,43.271,2.3005,2.8595,5.6975,1.3545,197,56,139,30.68227,-101.35791
SOZ30,SOZ,S,S,sS,41.5785,2.6365,2.6335,5.7135,2.9195,208,55,104,30.68227,-101.35791
SOZ4,SOZ,S,S,sS,49.1165,2.6645,1.5795,8.385,1.874,208,55,104,30.68227,-101.35791
SOZ5,SOZ,S,S,sS,49.9485,2.226,1.3975,6.4565,1.7575,184,40,95,30.68227,-101.35791
SOZ6,SOZ,S,S,sS,45.1345,2.2885,1.9495,6.6895,2.303,208,55,104,30.68227,-101.35791
SOZ7,SOZ,S,S,sS,39.849,2.516,1.6075,5.6985,1.6935,248,117,131,30.68227,-101.35791
SOZ8,SOZ,S,S,sS,38.945,2.1035,1.7475,7.4625,2.2225,184,40,95,30.68227,-101.35791
SOZ9,SOZ,S,S,sS,42.2175,2.4805,2.1315,6.1895,2.432,184,40,95,30.68227,-101.35791
SPB1,SPB,S,S,wS,47.487,3.146,1.175,5.2665,0.784,216,92,107,40.8050587,-104.0132563
SPB10,SPB,S,S,wS,51.9245,2.891,1.8065,4.892,1.3085,245,134,132,40.8050587,-104.0132563
SPB11,SPB,S,S,wS,42.1025,2.7405,1.236,6.5815,1.4645,246,142,151,40.8050587,-104.0132563
SPB12,SPB,S,S,wS,46.6785,2.26,1.296,5.4415,1.3205,185,193,113,40.8050587,-104.0132563
SPB13,SPB,S,S,wS,46.1035,3.0475,0.906,6.286,1.1575,255,182,176,40.8050587,-104.0132563
SPB14,SPB,S,S,wS,48.2975,2.8165,1.731,4.2205,1.331,255,164,171,40.8050587,-104.0132563
SPB15,SPB,S,S,wS,49.4985,3.112,1.2115,5.524,1.2375,200,207,155,40.8050587,-104.0132563
SPB16,SPB,S,S,wS,45.566,2.827,1.219,5.162,1.737,248,117,131,40.8050587,-104.0132563
SPB17,SPB,S,S,wS,51.153,2.975,1.3265,6.865,0.999,218,79,79,40.8050587,-104.0132563
SPB18,SPB,S,S,wS,46.356,2.552,0.001,5.923,1.134,255,112,107,40.8050587,-104.0132563
SPB19,SPB,S,S,wS,49.7185,2.838,1.11,5.899,1.4375,255,182,176,40.8050587,-104.0132563
SPB2,SPB,S,S,wS,43.7965,3.8205,1.2975,6.788,1.9985,249,148,136,40.8050587,-104.0132563
SPB20,SPB,S,S,wS,44.622,2.8255,2.104,7.0755,1.4365,255,172,161,40.8050587,-104.0132563
SPB21,SPB,S,S,wS,48.411,3.298,0.785,6.5965,1.3715,236,184,163,40.8050587,-104.0132563
SPB22,SPB,S,S,wS,54.9715,3.241,2.0065,6.163,1.32,255,192,156,40.8050587,-104.0132563
SPB23,SPB,S,S,wS,53.0065,3.592,0.768,6.3015,1.549,242,122,108,40.8050587,-104.0132563
SPB24,SPB,S,S,wS,48.2815,3.201,1.0905,4.9505,1.915,246,142,151,40.8050587,-104.0132563
SPB25,SPB,S,S,wS,49.002,3.2525,1.1045,5.6825,1.0095,255,182,176,40.8050587,-104.0132563
SPB26,SPB,S,S,wS,49.3555,3.1215,2.216,5.509,0.981,218,79,79,40.8050587,-104.0132563
SPB27,SPB,S,S,wS,46.2565,3.443,1.341,5.6855,1.385,252,162,156,40.8050587,-104.0132563
SPB28,SPB,S,S,wS,43.005,3.2595,0.9245,5.7055,0.9445,231,94,72,40.8050587,-104.0132563
SPB29,SPB,S,S,wS,44.5315,2.7355,1.3625,5.1005,1.1815,219,66,102,40.8050587,-104.0132563
SPB3,SPB,S,S,wS,52.408,3.344,1.068,7.435,1.6775,218,79,79,40.8050587,-104.0132563
SPB30,SPB,S,S,wS,45.926,3.1655,0.79,5.195,1.7395,185,193,113,40.8050587,-104.0132563
SPB4,SPB,S,S,wS,49.175,2.8515,1.531,6.6205,1.714,252,157,147,40.8050587,-104.0132563
SPB5,SPB,S,S,wS,45.868,3.309,1.7475,4.658,1.428,245,134,132,40.8050587,-104.0132563
SPB6,SPB,S,S,wS,49.1495,2.604,2.123,5.5425,1.159,249,148,136,40.8050587,-104.0132563
SPB7,SPB,S,S,wS,55.1305,2.752,1.8045,5.972,1.385,252,162,156,40.8050587,-104.0132563
SPB8,SPB,S,S,wS,42.5345,3.4035,2.2275,7.7775,2.895,227,75,72,40.8050587,-104.0132563
SPB9,SPB,S,S,wS,42.2685,3.0315,1.519,6.068,0.947,249,138,132,40.8050587,-104.0132563
SRS1,SRS,S,S,wS,53.0425,3.4585,2.5595,6.6555,1.873,255,201,181,45.57049,-106.14788
SRS10,SRS,S,S,wS,52.551,3.193,1.086,6.6595,1.5645,163,191,93,45.57049,-106.14788
SRS11,SRS,S,S,wS,46.819,2.41,1.439,6.57,2.1315,255,164,171,45.57049,-106.14788
SRS12,SRS,S,S,wS,47.4625,2.8075,2.1475,5.443,1.872,163,191,93,45.57049,-106.14788
SRS13,SRS,S,S,wS,49.8525,3.437,1.4655,6.371,1.4645,255,133,145,45.57049,-106.14788
SRS14,SRS,S,S,wS,56.606,2.7525,2.103,6.5975,1.2725,252,162,156,45.57049,-106.14788
SRS15,SRS,S,S,wS,44.6025,3.2425,1.4835,5.406,1.4785,200,207,155,45.57049,-106.14788
SRS16,SRS,S,S,wS,52.4235,3.175,1.2275,5.957,1.193,252,162,156,45.57049,-106.14788
SRS17,SRS,S,S,wS,41.3435,2.825,1.172,5.619,1.1565,249,138,132,45.57049,-106.14788
SRS18,SRS,S,S,wS,48.733,2.8565,2.761,4.445,1.3495,245,134,132,45.57049,-106.14788
SRS19,SRS,S,S,wS,49.471,3.2285,1.0365,6.7935,1.636,185,193,113,45.57049,-106.14788
SRS2,SRS,S,S,wS,47.9705,3.7835,1.4415,7.345,1.729,252,162,156,45.57049,-106.14788
SRS20,SRS,S,S,wS,52.631,2.764,0.1445,6.4755,2.1435,163,191,93,45.57049,-106.14788
SRS21,SRS,S,S,wS,51.8435,3.5495,0.962,8.2995,1.487,255,172,161,45.57049,-106.14788
SRS22,SRS,S,S,wS,49.46,3.274,0.827,6.702,1.307,255,182,176,45.57049,-106.14788
SRS23,SRS,S,S,wS,50.5745,3.0015,2.205,6.2125,1.911,127,165,94,45.57049,-106.14788
SRS24,SRS,S,S,wS,49.6655,2.856,1.1695,5.0215,1.263,118,140,98,45.57049,-106.14788
SRS25,SRS,S,S,wS,54.1785,3.2785,2.086,5.9535,1.0465,242,233,187,45.57049,-106.14788
SRS26,SRS,S,S,wS,45.0445,3.0725,1.528,5.726,1.484,255,192,156,45.57049,-106.14788
SRS27,SRS,S,S,wS,50.1985,2.905,1.7295,6.209,1.653,255,192,156,45.57049,-106.14788
SRS28,SRS,S,S,wS,50.6575,3.211,1.9535,7.5795,1.3355,252,162,156,45.57049,-106.14788
SRS29,SRS,S,S,wS,46.1615,3.2,0.6495,6.3535,0.7265,249,138,132,45.57049,-106.14788
SRS3,SRS,S,S,wS,53.275,2.8455,1.169,5.7125,2.158,252,157,147,45.57049,-106.14788
SRS30,SRS,S,S,wS,49.015,3.1845,2.241,5.48,1.52,255,182,176,45.57049,-106.14788
SRS4,SRS,S,S,wS,50.2695,3.46,2.0665,6.0595,1.577,149,171,70,45.57049,-106.14788
SRS5,SRS,S,S,wS,47.159,3.0935,1.623,5.664,1.795,185,193,113,45.57049,-106.14788
SRS6,SRS,S,S,wS,50.571,3.07,1.1985,6.3255,1.1875,185,193,113,45.57049,-106.14788
SRS7,SRS,S,S,wS,41.6015,3.102,1.391,6.2505,1.8365,255,172,161,45.57049,-106.14788
SRS8,SRS,S,S,wS,48.2405,2.8545,1.5715,5.6835,2.713,255,192,156,45.57049,-106.14788
SRS9,SRS,S,S,wS,47.5335,3.781,1.1595,6.5005,2.669,252,162,156,45.57049,-106.14788
SSC1,SSC,S,S,nS,36.4415,3.979,0.884,6.4135,1.257,163,191,93,44.55531,-92.59423
SSC10,SSC,S,S,nS,43.0525,2.999,1.8805,6.6925,0.8915,229,227,161,44.55531,-92.59423
SSC11,SSC,S,S,nS,45.127,3.193,0.474,6.5865,1.1085,173,214,100,44.55531,-92.59423
SSC12,SSC,S,S,nS,45.08,3.4205,1.8835,5.7595,1.5105,163,191,93,44.55531,-92.59423
SSC13,SSC,S,S,nS,52.37,3.4385,1.349,8.076,1.4995,185,193,113,44.55531,-92.59423
SSC14,SSC,S,S,nS,49.962,3.1965,1.651,6.54,1.604,127,165,94,44.55531,-92.59423
SSC15,SSC,S,S,nS,39.601,2.8425,1.2875,5.818,0.99,185,193,113,44.55531,-92.59423
SSC16,SSC,S,S,nS,41.8425,3.155,1.274,5.976,1.488,185,193,113,44.55531,-92.59423
SSC17,SSC,S,S,nS,39.1685,3.1715,1.6375,4.2585,1.265,173,214,100,44.55531,-92.59423
SSC18,SSC,S,S,nS,45.748,2.9155,1.972,5.3055,0.872,185,193,113,44.55531,-92.59423
SSC19,SSC,S,S,nS,47.188,3.7415,2.48,5.767,1.4855,213,225,172,44.55531,-92.59423
SSC2,SSC,S,S,nS,43.693,3.314,2.183,6.92,1.914,213,225,172,44.55531,-92.59423
SSC20,SSC,S,S,nS,45.9435,3.6055,1.404,5.2445,1.209,229,227,161,44.55531,-92.59423
SSC21,SSC,S,S,nS,40.7965,2.965,1.6125,5.01,1.019,185,193,113,44.55531,-92.59423
SSC22,SSC,S,S,nS,47.986,3.4285,0.9325,5.502,1.2155,185,193,113,44.55531,-92.59423
SSC23,SSC,S,S,nS,47.995,2.4905,1.7385,5.4965,1.199,185,193,113,44.55531,-92.59423
SSC24,SSC,S,S,nS,45.566,2.953,0.6375,6.85,1.109,149,171,70,44.55531,-92.59423
SSC25,SSC,S,S,nS,47.4055,3.408,1.9315,6.5355,1.242,163,191,93,44.55531,-92.59423
SSC26,SSC,S,S,nS,47.156,3.6635,1.7575,5.9165,0.967,149,171,70,44.55531,-92.59423
SSC27,SSC,S,S,nS,49.943,4.3255,1.1995,6.1495,1.2345,163,191,93,44.55531,-92.59423
SSC28,SSC,S,S,nS,45.2425,3.344,2.0895,6.3305,1.1505,149,171,70,44.55531,-92.59423
SSC29,SSC,S,S,nS,46.01,3.7935,1.9295,5.689,0.9875,163,191,93,44.55531,-92.59423
SSC3,SSC,S,S,nS,41.825,3.559,1.7475,7.5715,1.5715,185,193,113,44.55531,-92.59423
SSC30,SSC,S,S,nS,37.098,2.4985,1.534,5.075,1.3155,163,191,93,44.55531,-92.59423
SSC4,SSC,S,S,nS,46.2605,3.7495,2.5165,6.126,1.5365,163,191,93,44.55531,-92.59423
SSC5,SSC,S,S,nS,43.6435,3.037,1.059,6.4635,1.195,213,225,172,44.55531,-92.59423
SSC6,SSC,S,S,nS,42.489,3.307,1.2625,5.625,1.298,173,214,100,44.55531,-92.59423
SSC7,SSC,S,S,nS,42.3115,3.5645,1.371,5.051,1.405,161,199,123,44.55531,-92.59423
SSC8,SSC,S,S,nS,43.6755,3.3295,2.427,7.284,0.9505,213,225,172,44.55531,-92.59423
SSC9,SSC,S,S,nS,48.852,3.1305,1.446,6.957,1.554,185,193,113,44.55531,-92.59423
SYH10,SYH,S,S,sS,23.9405,2.688,1.1815,3.811,1.307,242,122,108,32.03469,-104.4479
SYH11,SYH,S,S,sS,37.735,2.648,1.3515,5.3685,1.823,242,96,105,32.03469,-104.4479
SYH12,SYH,S,S,sS,44.8865,2.582,0.9055,5.61,2.273,249,138,132,32.03469,-104.4479
SYH13,SYH,S,S,sS,42.7965,1.965,0.635,5.1915,1.729,252,162,156,32.03469,-104.4479
SYH14,SYH,S,S,sS,36.943,2.272,1.234,4.598,1.5085,200,207,155,32.03469,-104.4479
SYH17,SYH,S,S,sS,29.619,2.65,0.651,4.2265,1.3715,242,96,105,32.03469,-104.4479
SYH18,SYH,S,S,sS,38.06,2.705,0.7605,4.4355,1.275,242,122,108,32.03469,-104.4479
SYH2,SYH,S,S,sS,36.731,2.3335,1.3585,4.7075,1.792,252,157,147,32.03469,-104.4479
SYH20,SYH,S,S,sS,34.9335,2.3865,0.4165,4.0435,1.343,242,96,105,32.03469,-104.4479
SYH21,SYH,S,S,sS,32.602,2.523,0.794,3.7195,1.125,242,122,108,32.03469,-104.4479
SYH22,SYH,S,S,sS,36.145,2.6545,0.8725,4.8675,2.3985,245,134,132,32.03469,-104.4479
SYH23,SYH,S,S,sS,32.5065,2.8075,1.275,5.298,2.709,255,112,107,32.03469,-104.4479
SYH25,SYH,S,S,sS,49.9835,2.346,1.1865,5.556,2.176,242,122,108,32.03469,-104.4479
SYH26,SYH,S,S,sS,39.183,2.827,0.204,3.8975,1.7625,242,122,108,32.03469,-104.4479
SYH27,SYH,S,S,sS,27.8805,2.829,0.913,4.1775,2.559,249,148,136,32.03469,-104.4479
SYH29,SYH,S,S,sS,31.856,2.8565,0.8115,4.96,1.5955,252,157,147,32.03469,-104.4479
SYH3,SYH,S,S,sS,35.315,2.251,0.6735,3.3175,1.308,200,207,155,32.03469,-104.4479
SYH30,SYH,S,S,sS,39.82,2.306,1.0875,4.2555,1.5335,252,157,147,32.03469,-104.4479
SYH31,SYH,S,S,sS,34.086,2.33,1.352,3.5845,1.798,249,148,136,32.03469,-104.4479
SYH32,SYH,S,S,sS,39.565,2.362,1.6525,4.735,1.4345,242,122,108,32.03469,-104.4479
SYH33,SYH,S,S,sS,37.531,3.1135,1.2635,4.7935,1.398,242,122,108,32.03469,-104.4479
SYH34,SYH,S,S,sS,41.507,2.285,0.7255,3.4115,1.745,227,75,72,32.03469,-104.4479
SYH35,SYH,S,S,sS,37.981,2.524,0.832,5.0715,3.5245,218,79,79,32.03469,-104.4479
SYH4,SYH,S,S,sS,38.9355,2.9215,0.85,5.224,1.8555,255,133,145,32.03469,-104.4479
SYH5,SYH,S,S,sS,30.88,2.5845,0.426,4.589,1.276,240,130,133,32.03469,-104.4479
SYH6,SYH,S,S,sS,38.4315,2.4225,0.661,4.1865,1.3635,255,133,145,32.03469,-104.4479
SYH7,SYH,S,S,sS,37.9275,2.3595,0.727,5.3645,1.3655,242,122,108,32.03469,-104.4479
SYH8,SYH,S,S,sS,34.2605,2.39,0.6405,4.789,1.23,227,75,72,32.03469,-104.4479
SYH9,SYH,S,S,sS,28.139,3.005,0.7955,5.183,1.378,255,112,107,32.03469,-104.4479
